sg_uf;nm_municipio;nm_candidato;ds_cargo;nr_candidato;sg_partido;nr_turno;ds_sit_totalizacao;qt_votos_validos;qt_votos_nominais;dt_carga
DF;BRASÍLIA;ADA SILVA DE SOUSA;Deputado Distrital;20020;PSC;1;Não Eleito;1660387;1233;2022-11-14 18:47:07
DF;BRASÍLIA;ADALBERTO MONTEIRO;Deputado Federal;1921;PODE;1;Não Eleito;1607519;962;2022-11-14 18:47:07
DF;BRASÍLIA;ADEILTON ALVES DA SILVA;Deputado Distrital;20391;PSC;1;Não Eleito;1660387;401;2022-11-14 18:47:07
DF;BRASÍLIA;ADELANE ANDRADE MARTINS MACIEL;Deputado Distrital;14111;PTB;1;Não Eleito;1660387;459;2022-11-14 18:47:07
DF;BRASÍLIA;ADELSON FELIZARDO DA SILVA;Deputado Federal;3636;AGIR;1;Não Eleito;1607519;627;2022-11-14 18:47:07
DF;BRASÍLIA;ADELSON RIBEIRO ROCHA;Deputado Distrital;33800;PMN;1;Suplente;1660387;2550;2022-11-14 18:47:07
DF;BRASÍLIA;ADERIVALDO MARTINS CARDOSO;Deputado Federal;3333;PMN;1;Não Eleito;1607519;1455;2022-11-14 18:47:07
DF;BRASÍLIA;ADILA MARIA STEMLER;Deputado Federal;1077;REPUBLICANOS;1;Suplente;1607519;3068;2022-11-14 18:47:07
DF;BRASÍLIA;ADNA SANTOS DE ARAÚJO;Deputado Federal;4055;PSB;1;Não Eleito;1607519;3050;2022-11-14 18:47:07
DF;BRASÍLIA;ADRIANA BARBOSA ROCHA DE FARIA;Deputado Distrital;51234;PATRIOTA;1;Não Eleito;1660387;3691;2022-11-14 18:47:07
DF;BRASÍLIA;ADRIANA DOS ANJOS GLÓRIA;Deputado Distrital;35140;PMB;1;Não Eleito;1660387;37;2022-11-14 18:47:07
DF;BRASÍLIA;ADRIANA MANGABEIRA WANDERLEY;Deputado Federal;5511;PSD;1;Não Eleito;1607519;349;2022-11-14 18:47:07
DF;BRASÍLIA;ADRIANO DE ANDRADE MARROCOS;Deputado Distrital;55222;PSD;1;Suplente;1660387;765;2022-11-14 18:47:07
DF;BRASÍLIA;AGACIEL DA SILVA MAIA;Deputado Distrital;22123;PL;1;Suplente;1660387;17693;2022-11-14 18:47:07
DF;BRASÍLIA;AGENILDO NERI DA SILVA;Deputado Distrital;45123;PSDB;1;Suplente;1660387;1787;2022-11-14 18:47:07
DF;BRASÍLIA;AILTON MIRANDA LUSTOSA;Deputado Distrital;14190;PTB;1;Não Eleito;1660387;3101;2022-11-14 18:47:07
DF;BRASÍLIA;ALAN JOSÉ VALIM MAIA;Deputado Distrital;33193;PMN;1;Suplente;1660387;1801;2022-11-14 18:47:07
DF;BRASÍLIA;ALBENES FRANCISCO SOUZA;Deputado Distrital;44001;UNIÃO;1;Suplente;1660387;900;2022-11-14 18:47:07
DF;BRASÍLIA;ALCIONE FERNANDES DA CRUZ;Deputado Distrital;51533;PATRIOTA;1;Não Eleito;1660387;649;2022-11-14 18:47:07
DF;BRASÍLIA;ALDEMARIO ARAUJO CASTRO;Deputado Federal;1818;REDE;1;Não Eleito;1607519;1160;2022-11-14 18:47:07
DF;BRASÍLIA;ALECXANDRO PINHO CARREIRO;Deputado Distrital;44123;UNIÃO;1;Suplente;1660387;4512;2022-11-14 18:47:07
DF;BRASÍLIA;ALESSANDRA ALMEIDA CHIANELLI DUTRA;Deputado Federal;2020;PSC;1;Não Eleito;1607519;589;2022-11-14 18:47:07
DF;BRASÍLIA;ALESSIO CORDEIRO DE FARIAS;Deputado Distrital;90145;PROS;1;Não Eleito;1660387;584;2022-11-14 18:47:07
DF;BRASÍLIA;ALEX ALVES NEVES;Deputado Federal;3688;AGIR;1;Não Eleito;1607519;866;2022-11-14 18:47:07
DF;BRASÍLIA;ALEX DE OLIVEIRA GALVÃO;Deputado Distrital;19700;PODE;1;Não Eleito;1660387;4463;2022-11-14 18:47:07
DF;BRASÍLIA;ALEX RIBEIRO LEITE;Deputado Distrital;10444;REPUBLICANOS;1;Suplente;1660387;784;2022-11-14 18:47:07
DF;BRASÍLIA;ALEXANDRE DE JESUS SILVA YANEZ;Deputado Distrital;36136;AGIR;1;Suplente;1660387;6356;2022-11-14 18:47:07
DF;BRASÍLIA;ALEXANDRE LIRA DE SOUZA;Deputado Distrital;77777;SOLIDARIEDADE;1;Não Eleito;1660387;170;2022-11-14 18:47:07
DF;BRASÍLIA;ALEXANDRE NUNES DOS SANTOS;Deputado Distrital;51000;PATRIOTA;1;Não Eleito;1660387;277;2022-11-14 18:47:07
DF;BRASÍLIA;ALINE OLIVEIRA PEREIRA;Deputado Distrital;90321;PROS;1;Não Eleito;1660387;397;2022-11-14 18:47:07
DF;BRASÍLIA;ALINE VIEIRA CALADO;Deputado Distrital;28128;PRTB;1;Não Eleito;1660387;97;2022-11-14 18:47:07
DF;BRASÍLIA;ALIRIO DE OLIVEIRA NETO;Deputado Federal;1551;MDB;1;Suplente;1607519;10079;2022-11-14 18:47:07
DF;BRASÍLIA;ALLAN FREIRE BARBOSA DA SILVA;Deputado Distrital;44777;UNIÃO;1;Suplente;1660387;2125;2022-11-14 18:47:07
DF;BRASÍLIA;ALZIRA MARIA DOS PASSOS FOLHA;Deputado Distrital;10333;REPUBLICANOS;1;Suplente;1660387;1376;2022-11-14 18:47:07
DF;BRASÍLIA;ALZIRO CEZAR MARIANO PEREIRA;Deputado Distrital;27234;DC;1;Não Eleito;1660387;80;2022-11-14 18:47:07
DF;BRASÍLIA;AMANDA CHRISTINA CABRAL BERTIN;Deputado Federal;7040;AVANTE;1;Não Eleito;1607519;1580;2022-11-14 18:47:07
DF;BRASÍLIA;AMANDA RAMALHO DE OLIVEIRA;Deputado Federal;1500;MDB;1;Suplente;1607519;1401;2022-11-14 18:47:07
DF;BRASÍLIA;AMILTON GOMES DE PAULA;Deputado Distrital;90902;PROS;1;Não Eleito;1660387;86;2022-11-14 18:47:07
DF;BRASÍLIA;AMILTON SILVA;Deputado Distrital;28777;PRTB;1;Não Eleito;1660387;321;2022-11-14 18:47:07
DF;BRASÍLIA;ANA CLEIA PESSOA HOLANDA DOS SANTOS;Deputado Distrital;28288;PRTB;1;Não Eleito;1660387;32;2022-11-14 18:47:07
DF;BRASÍLIA;ANA CRISTINA OLIVEIRA;Deputado Distrital;90888;PROS;1;Não Eleito;1660387;50;2022-11-14 18:47:07
DF;BRASÍLIA;ANA CRISTINA SIQUEIRA VALLE;Deputado Distrital;11120;PP;1;Suplente;1660387;1485;2022-11-14 18:47:07
DF;BRASÍLIA;ANA ELIZA CAMARGO CHACEL;Deputado Federal;3377;PMN;1;Não Eleito;1607519;160;2022-11-14 18:47:07
DF;BRASÍLIA;ANA MARIA DA SILVA;Deputado Distrital;11022;PP;1;Suplente;1660387;4444;2022-11-14 18:47:07
DF;BRASÍLIA;ANA MARIA PRESTES RABELO;Deputado Federal;6565;PC do B;1;Suplente;1607519;5531;2022-11-14 18:47:07
DF;BRASÍLIA;ANA PAULA BATISTA SOLEDADE;Deputado Federal;2022;PSC;1;Não Eleito;1607519;1464;2022-11-14 18:47:07
DF;BRASÍLIA;ANA PAULA BENETE CROZUÉ;Deputado Federal;4000;PSB;1;Não Eleito;1607519;1589;2022-11-14 18:47:07
DF;BRASÍLIA;ANA PAULA RODRIGUES TELES;Deputado Distrital;30830;NOVO;1;Não Eleito;1660387;220;2022-11-14 18:47:07
DF;BRASÍLIA;ANA SCHRAMM;Deputado Federal;2939;PCO;1;Não Eleito;1607519;113;2022-11-14 18:47:07
DF;BRASÍLIA;ANA ÉLEN FERREIRA MOITINHO;Deputado Distrital;40015;PSB;1;Suplente;1660387;1525;2022-11-14 18:47:07
DF;BRASÍLIA;ANDERSON JOSÉ DA SILVA TEIXEIRA;Deputado Distrital;22150;PL;1;Suplente;1660387;9067;2022-11-14 18:47:07
DF;BRASÍLIA;ANDERSON MEDINA BORGES;Deputado Distrital;11123;PP;1;Suplente;1660387;11105;2022-11-14 18:47:07
DF;BRASÍLIA;ANDREA PONTES QUADROS CÔRTES;Deputado Distrital;22357;PL;1;Suplente;1660387;1681;2022-11-14 18:47:07
DF;BRASÍLIA;ANDREA VIEIRA ALBUQUERQUE DE SOUZA;Deputado Distrital;11223;PP;1;Suplente;1660387;326;2022-11-14 18:47:07
DF;BRASÍLIA;ANDREIA SALLES DE SOUZA;Deputado Distrital;55055;PSD;1;Suplente;1660387;713;2022-11-14 18:47:07
DF;BRASÍLIA;ANDRÉ MAURO SANTOS LACERDA;Deputado Distrital;10122;REPUBLICANOS;1;Suplente;1660387;530;2022-11-14 18:47:07
DF;BRASÍLIA;ANDRÉ OCTÁVIO KUBITSCHEK BARBARA ALVES PEREIRA;Deputado Federal;5555;PSD;1;Não Eleito;1607519;20702;2022-11-14 18:47:07
DF;BRASÍLIA;ANDRÉIA MOURA ZEMUNER;Deputado Federal;4545;PSDB;1;Não Eleito;1607519;2398;2022-11-14 18:47:07
DF;BRASÍLIA;ANGELA MARIA TEIXEIRA;Deputado Distrital;90999;PROS;1;Não Eleito;1660387;114;2022-11-14 18:47:07
DF;BRASÍLIA;ANGELINA REJANE DO VALE;Deputado Distrital;77677;SOLIDARIEDADE;1;Não Eleito;1660387;95;2022-11-14 18:47:07
DF;BRASÍLIA;ANNEBELLE FERREIRA BORGES;Deputado Federal;2261;PL;1;Suplente;1607519;1130;2022-11-14 18:47:07
DF;BRASÍLIA;ANTONIO AMAURI MALAQUIAS DE PINHO;Deputado Federal;9090;PROS;1;Não Eleito;1607519;571;2022-11-14 18:47:07
DF;BRASÍLIA;ANTONIO AUGUSTO DE FREITAS JUNCAL;Deputado Distrital;20221;PSC;1;Não Eleito;1660387;537;2022-11-14 18:47:07
DF;BRASÍLIA;ANTONIO CÉSAR DOS SANTOS RAMOS;Deputado Distrital;36591;AGIR;1;Suplente;1660387;1700;2022-11-14 18:47:07
DF;BRASÍLIA;ANTONIO DE PADUA AMORIM ARAUJO;Deputado Distrital;51111;PATRIOTA;1;Não Eleito;1660387;2538;2022-11-14 18:47:07
DF;BRASÍLIA;ANTONIO FERNANDO DANTAS DOS SANTOS;Deputado Federal;9061;PROS;1;Não Eleito;1607519;364;2022-11-14 18:47:07
DF;BRASÍLIA;ANTONIO FRANCISCO GOMES BARROS;Deputado Distrital;51123;PATRIOTA;1;Não Eleito;1660387;3890;2022-11-14 18:47:07
DF;BRASÍLIA;ANTONIO HENRIQUE SANTOS RESENDE;Deputado Federal;9009;PROS;1;Não Eleito;1607519;366;2022-11-14 18:47:07
DF;BRASÍLIA;ANTONIO JOAQUIM DE SOUZA;Deputado Federal;2799;DC;1;Não Eleito;1607519;274;2022-11-14 18:47:07
DF;BRASÍLIA;ANTONIO SANTOS MENDES;Deputado Distrital;77456;SOLIDARIEDADE;1;Não Eleito;1660387;79;2022-11-14 18:47:07
DF;BRASÍLIA;ANTÔNIO JOSÉ DO NASCIMENTO NETO;Deputado Distrital;12444;PDT;1;Não Eleito;1660387;179;2022-11-14 18:47:07
DF;BRASÍLIA;ARILSON FRANCISCO DE OLIVEIRA;Deputado Distrital;55500;PSD;1;Suplente;1660387;800;2022-11-14 18:47:07
DF;BRASÍLIA;ARNALDO OLIVEIRA DOS SANTOS SAMPAIO FILHO;Deputado Distrital;20100;PSC;1;Não Eleito;1660387;1463;2022-11-14 18:47:07
DF;BRASÍLIA;ARY COUTINHO DE OLIVEIRA FILHO;Deputado Distrital;51762;PATRIOTA;1;Não Eleito;1660387;550;2022-11-14 18:47:07
DF;BRASÍLIA;ATILA MAIA DA ROCHA;Deputado Federal;3699;AGIR;1;Não Eleito;1607519;377;2022-11-14 18:47:07
DF;BRASÍLIA;AURENI BRAZ VILANOVA DE SOUSA;Deputado Distrital;28800;PRTB;1;Não Eleito;1660387;110;2022-11-14 18:47:07
DF;BRASÍLIA;BARBY DOS ANJOS MACEDO;Deputado Distrital;12120;PDT;1;Não Eleito;1660387;239;2022-11-14 18:47:07
DF;BRASÍLIA;BEATRIZ KICIS TORRENTS DE SORDI;Deputado Federal;2222;PL;1;Eleito;1607519;214733;2022-11-14 18:47:07
DF;BRASÍLIA;BENEDITO AARAO SALES DE ARAUJO;Deputado Distrital;23888;CIDADANIA;1;Suplente;1660387;674;2022-11-14 18:47:07
DF;BRASÍLIA;BENICIO TAVARES DA CUNHA MELLO;Deputado Distrital;51444;PATRIOTA;1;Não Eleito;1660387;41;2022-11-14 18:47:07
DF;BRASÍLIA;BERINALDO DA PONTE;Deputado Distrital;90222;PROS;1;Não Eleito;1660387;1964;2022-11-14 18:47:07
DF;BRASÍLIA;BERNARDO ROGÉRIO MATA DE ARAÚJO JUNIOR;Deputado Distrital;33123;PMN;1;Eleito;1660387;18207;2022-11-14 18:47:07
DF;BRASÍLIA;BETHANIA KELLY DE ALMEIDA BARBOSA NOGUEIRA;Deputado Federal;9023;PROS;1;Não Eleito;1607519;153;2022-11-14 18:47:07
DF;BRASÍLIA;BLENDA LARA FONSECA DO NASCIMENTO;Deputado Distrital;77100;SOLIDARIEDADE;1;Não Eleito;1660387;97;2022-11-14 18:47:07
DF;BRASÍLIA;BRUNA RACHEL LOBATO DE OLIVEIRA VOGADO RIBEIRO;Deputado Distrital;51010;PATRIOTA;1;Não Eleito;1660387;200;2022-11-14 18:47:07
DF;BRASÍLIA;BRUNO DE SOUZA NOVAIS;Deputado Distrital;35353;PMB;1;Não Eleito;1660387;404;2022-11-14 18:47:07
DF;BRASÍLIA;BRUNO GURGEL DE OLIVEIRA SANTOS;Deputado Distrital;40707;PSB;1;Suplente;1660387;165;2022-11-14 18:47:07
DF;BRASÍLIA;CAIO SAD BARBOSA;Deputado Federal;8080;UP;1;Não Eleito;1607519;1472;2022-11-14 18:47:07
DF;BRASÍLIA;CALINA LÍGIA FERREIRA DE FREITAS;Deputado Distrital;18180;REDE;1;Suplente;1660387;437;2022-11-14 18:47:07
DF;BRASÍLIA;CARINA SALES DOS SANTOS;Deputado Federal;1161;PP;1;Não Eleito;1607519;892;2022-11-14 18:47:07
DF;BRASÍLIA;CARLOS ALBERTO NUNES DA CUNHA;Deputado Distrital;27600;DC;1;Não Eleito;1660387;57;2022-11-14 18:47:07
DF;BRASÍLIA;CARLOS ALBERTO RODRIGUES TABANEZ;Deputado Distrital;15222;MDB;1;Suplente;1660387;14523;2022-11-14 18:47:07
DF;BRASÍLIA;CARLOS ALBERTO SILVA CALHEIROS;Deputado Distrital;10200;REPUBLICANOS;1;Suplente;1660387;1044;2022-11-14 18:47:07
DF;BRASÍLIA;CARLOS ANTONETO DE SOUZA LIMA MONTANIA;Deputado Distrital;13123;PT;1;Suplente;1660387;2454;2022-11-14 18:47:07
DF;BRASÍLIA;CARLOS DALVAN SOARES DE OLIVEIRA;Deputado Distrital;36111;AGIR;1;Suplente;1660387;16227;2022-11-14 18:47:07
DF;BRASÍLIA;CARLOS DIVINO VIEIRA RODRIGUES;Senador;555;PSD;1;Não Eleito;1576967;9366;2022-11-14 18:47:07
DF;BRASÍLIA;CARLOS EDUARDO ANTUNES TORRES;Deputado Distrital;22777;PL;1;Suplente;1660387;16990;2022-11-14 18:47:07
DF;BRASÍLIA;CARLOS EDUARDO DA SILVA MENDES;Deputado Distrital;70122;AVANTE;1;Suplente;1660387;1035;2022-11-14 18:47:07
DF;BRASÍLIA;CARLOS ENOCK RODRIGUES ESTEVES;Deputado Federal;5123;PATRIOTA;1;Não Eleito;1607519;164;2022-11-14 18:47:07
DF;BRASÍLIA;CARLOS PENNA BRESCIANINI;Deputado Federal;1221;PDT;1;Não Eleito;1607519;822;2022-11-14 18:47:07
DF;BRASÍLIA;CARLOS SHIGUEO KOBAYASHI;Deputado Federal;7022;AVANTE;1;Não Eleito;1607519;493;2022-11-14 18:47:07
DF;BRASÍLIA;CARMELIANA SILVA DOS SANTOS;Deputado Distrital;77373;SOLIDARIEDADE;1;Não Eleito;1660387;121;2022-11-14 18:47:07
DF;BRASÍLIA;CARMEM LÚCIA DA SILVA SANTANA;Deputado Distrital;55175;PSD;1;Suplente;1660387;216;2022-11-14 18:47:07
DF;BRASÍLIA;CAROLINA MOURÃO ALBUQUERQUE;Deputado Federal;1567;MDB;1;Suplente;1607519;1640;2022-11-14 18:47:07
DF;BRASÍLIA;CAROLINE DIAS RIBEIRO;Deputado Federal;1991;PODE;1;Não Eleito;1607519;285;2022-11-14 18:47:07
DF;BRASÍLIA;CATARINA DE MORAIS SOUSA LIMA;Deputado Distrital;14777;PTB;1;Não Eleito;1660387;194;2022-11-14 18:47:07
DF;BRASÍLIA;CECÍLIA MARIA DOURADO DE ARAGÃO SANTOS;Deputado Distrital;29129;PCO;1;Não Eleito;1660387;58;2022-11-14 18:47:07
DF;BRASÍLIA;CELINA ALTINA FELISBINO DE SOUZA;Deputado Distrital;22321;PL;1;Suplente;1660387;1136;2022-11-14 18:47:07
DF;BRASÍLIA;CELY LANGAMER MUNIZ;Deputado Federal;1123;PP;1;Não Eleito;1607519;716;2022-11-14 18:47:07
DF;BRASÍLIA;CHARLES DE MAGALHAES ARAUJO JUNIOR;Deputado Federal;5522;PSD;1;Não Eleito;1607519;2290;2022-11-14 18:47:07
DF;BRASÍLIA;CHRISTIANA INOCENCIO;Deputado Distrital;35121;PMB;1;Não Eleito;1660387;71;2022-11-14 18:47:07
DF;BRASÍLIA;CHRISTIANNO NOGUEIRA ARAÚJO;Deputado Distrital;15015;MDB;1;Suplente;1660387;15897;2022-11-14 18:47:07
DF;BRASÍLIA;CIRENE DA SILVA INÁCIO;Deputado Distrital;15333;MDB;1;Suplente;1660387;4344;2022-11-14 18:47:07
DF;BRASÍLIA;CIRO FERREIRA GOMES;Presidente;12;PDT;1;Não Eleito;1762575;74308;2022-11-14 18:47:07
DF;BRASÍLIA;CLARA VIVIANE RAMOS ARAUJO MARTINEZ;Deputado Distrital;90762;PROS;1;Não Eleito;1660387;102;2022-11-14 18:47:07
DF;BRASÍLIA;CLAUDECI XAVIER DE MIRANDA;Deputado Distrital;23123;CIDADANIA;1;Suplente;1660387;6821;2022-11-14 18:47:07
DF;BRASÍLIA;CLAUDIA IDEANE CARVALHO BARROSO DE OLIVEIRA;Deputado Distrital;77713;SOLIDARIEDADE;1;Não Eleito;1660387;91;2022-11-14 18:47:07
DF;BRASÍLIA;CLAUDIO BESSA DOS SANTOS;Deputado Distrital;13023;PT;1;Suplente;1660387;1762;2022-11-14 18:47:07
DF;BRASÍLIA;CLAYTON CARLOS OLIVEIRA DE ARAÚJO;Deputado Distrital;19100;PODE;1;Não Eleito;1660387;2112;2022-11-14 18:47:07
DF;BRASÍLIA;CLEBER RODRIGUES MOITINHO;Deputado Distrital;14147;PTB;1;Não Eleito;1660387;77;2022-11-14 18:47:07
DF;BRASÍLIA;CLEBER VILELA DOURADO;Deputado Distrital;30987;NOVO;1;Não Eleito;1660387;772;2022-11-14 18:47:07
DF;BRASÍLIA;CLEMENTINA ARAÚJO BAGNO DA SILVA;Governador;50;PSOL;1;Não Eleito;1655043;13613;2022-11-14 18:47:07
DF;BRASÍLIA;CLEONICE DIAS DA SILVA;Deputado Distrital;12121;PDT;1;Não Eleito;1660387;335;2022-11-14 18:47:07
DF;BRASÍLIA;CLEUSA SOUZA VASCONCELOS;Deputado Federal;3361;PMN;1;Não Eleito;1607519;174;2022-11-14 18:47:07
DF;BRASÍLIA;CLODOALDO BATISTA NERI JUNIOR;Deputado Federal;7770;SOLIDARIEDADE;1;Não Eleito;1607519;116;2022-11-14 18:47:07
DF;BRASÍLIA;CLÁUDIA AIRES BARBOSA RIBEIRO;Deputado Distrital;10007;REPUBLICANOS;1;Suplente;1660387;300;2022-11-14 18:47:07
DF;BRASÍLIA;CLÁUDIA VIRGÍNIA RODRIGUES PEREIRA;Deputado Distrital;19300;PODE;1;Não Eleito;1660387;182;2022-11-14 18:47:07
DF;BRASÍLIA;CLÁUDIO RENATO CAMPOS;Deputado Distrital;19333;PODE;1;Não Eleito;1660387;565;2022-11-14 18:47:07
DF;BRASÍLIA;COUBERT BRAZ DA VEIGA;Deputado Distrital;51512;PATRIOTA;1;Não Eleito;1660387;74;2022-11-14 18:47:07
DF;BRASÍLIA;CRISTIAN DE OLIVEIRA LIMA;Deputado Federal;2733;DC;1;Não Eleito;1607519;48;2022-11-14 18:47:07
DF;BRASÍLIA;CRISTIANE DE PAULA DO NASCIMENTO;Deputado Distrital;27227;DC;1;Não Eleito;1660387;92;2022-11-14 18:47:07
DF;BRASÍLIA;CRISTIANE MARY OTAVIANO DE ALMEIDA DOS SANTOS;Deputado Federal;1900;PODE;1;Não Eleito;1607519;490;2022-11-14 18:47:07
DF;BRASÍLIA;CRISTIANE PEREIRA DOS SANTOS;Deputado Distrital;13613;PT;1;Suplente;1660387;2083;2022-11-14 18:47:07
DF;BRASÍLIA;CRISTIANE SANTOS DE OLIVEIRA;Deputado Distrital;33000;PMN;1;Suplente;1660387;605;2022-11-14 18:47:07
DF;BRASÍLIA;CRISTIANI DOS SANTOS E SILVA;Deputado Distrital;36360;AGIR;1;Suplente;1660387;452;2022-11-14 18:47:07
DF;BRASÍLIA;CRISTIANO CAIADO DE ACIOLI;Deputado Distrital;14567;PTB;1;Não Eleito;1660387;485;2022-11-14 18:47:07
DF;BRASÍLIA;CRISTIANO LUZ DA SILVA PINTO;Deputado Distrital;12012;PDT;1;Não Eleito;1660387;686;2022-11-14 18:47:07
DF;BRASÍLIA;CRÍCIA APARECIDA MARTINS DA MATA DE ALMEIDA;Deputado Distrital;45000;PSDB;1;Suplente;1660387;9252;2022-11-14 18:47:07
DF;BRASÍLIA;DAIANY NASCIMENTO TEIXEIRA DE OLIVEIRA;Deputado Distrital;55255;PSD;1;Suplente;1660387;380;2022-11-14 18:47:07
DF;BRASÍLIA;DAMARES REGINA ALVES;Senador;100;REPUBLICANOS;1;Eleito;1576967;714562;2022-11-14 18:47:07
DF;BRASÍLIA;DANIEL DE CASTRO SOUSA;Deputado Distrital;11133;PP;1;Eleito;1660387;20402;2022-11-14 18:47:07
DF;BRASÍLIA;DANIEL DE SOUSA OLIVEIRA;Deputado Distrital;44044;UNIÃO;1;Suplente;1660387;11739;2022-11-14 18:47:07
DF;BRASÍLIA;DANIEL MENDES BRANDÃO;Deputado Distrital;77190;SOLIDARIEDADE;1;Não Eleito;1660387;485;2022-11-14 18:47:07
DF;BRASÍLIA;DANIEL XAVIER DONIZET;Deputado Distrital;22222;PL;1;Eleito;1660387;33573;2022-11-14 18:47:07
DF;BRASÍLIA;DANIELA APARECIDA BALBINA CATUNDA;Deputado Distrital;44910;UNIÃO;1;Suplente;1660387;534;2022-11-14 18:47:07
DF;BRASÍLIA;DANIELA BALBINA DE SÁ;Deputado Distrital;12290;PDT;1;Não Eleito;1660387;145;2022-11-14 18:47:07
DF;BRASÍLIA;DANIELA BATISTA DA SILVA;Deputado Distrital;51025;PATRIOTA;1;Não Eleito;1660387;547;2022-11-14 18:47:07
DF;BRASÍLIA;DANIELA CINTRA RODRIGUES;Deputado Federal;5107;PATRIOTA;1;Não Eleito;1607519;143;2022-11-14 18:47:07
DF;BRASÍLIA;DANIELLE CRISTHIE GOMES RIBEIRO LIMA SALES;Deputado Federal;5125;PATRIOTA;1;Não Eleito;1607519;78;2022-11-14 18:47:07
DF;BRASÍLIA;DANIELLE DE PAULA BENÍCIO DA SILVA;Deputado Federal;5000;PSOL;1;Não Eleito;1607519;8958;2022-11-14 18:47:07
DF;BRASÍLIA;DANILO ARAGÃO LIMA;Deputado Distrital;28088;PRTB;1;Não Eleito;1660387;1823;2022-11-14 18:47:07
DF;BRASÍLIA;DARIONE DE MELO SILVA;Deputado Distrital;90022;PROS;1;Não Eleito;1660387;469;2022-11-14 18:47:07
DF;BRASÍLIA;DARLEY CESAR DE JESUS CANTILO;Deputado Distrital;40007;PSB;1;Suplente;1660387;963;2022-11-14 18:47:07
DF;BRASÍLIA;DARLEY CRUZ DE ASSIS;Deputado Distrital;11911;PP;1;Não Eleito;1660387;51;2022-11-14 18:47:07
DF;BRASÍLIA;DATANIEL SILVA DUARTE;Deputado Distrital;23223;CIDADANIA;1;Suplente;1660387;1570;2022-11-14 18:47:07
DF;BRASÍLIA;DAVI LIMA SOUSA;Deputado Federal;2238;PL;1;Suplente;1607519;3826;2022-11-14 18:47:07
DF;BRASÍLIA;DAVID ALVES DE SOUSA;Deputado Distrital;90156;PROS;1;Não Eleito;1660387;560;2022-11-14 18:47:07
DF;BRASÍLIA;DAVID HORN PUREZA;Deputado Distrital;29329;PCO;1;Não Eleito;1660387;27;2022-11-14 18:47:07
DF;BRASÍLIA;DAVYS FREDERICO TEIXEIRA LINHARES;Deputado Federal;1020;REPUBLICANOS;1;Eleito;1607519;165358;2022-11-14 18:47:07
DF;BRASÍLIA;DAYANE SILVA MESQUITA;Deputado Distrital;11000;PP;1;Suplente;1660387;433;2022-11-14 18:47:07
DF;BRASÍLIA;DAYSE AMARILIO DONETTS DINIZ;Deputado Distrital;40222;PSB;1;Eleito;1660387;11012;2022-11-14 18:47:07
DF;BRASÍLIA;DEBORAH AMORIM DE SOUZA CARVALHIDO;Deputado Distrital;55234;PSD;1;Suplente;1660387;936;2022-11-14 18:47:07
DF;BRASÍLIA;DEISE LUCI BELÉM DE ANDRADE;Deputado Distrital;44180;UNIÃO;1;Suplente;1660387;897;2022-11-14 18:47:07
DF;BRASÍLIA;DELCIMAR DA ROCHA DE AQUINO JUNIOR;Deputado Distrital;70700;AVANTE;1;Suplente;1660387;2635;2022-11-14 18:47:07
DF;BRASÍLIA;DENILSON BENTO DA COSTA;Deputado Distrital;15100;MDB;1;Suplente;1660387;1301;2022-11-14 18:47:07
DF;BRASÍLIA;DENISE MARIA DE FRANCO SOUZA;Deputado Federal;1234;PDT;1;Não Eleito;1607519;1408;2022-11-14 18:47:07
DF;BRASÍLIA;DEUSA SENE CAPUCHINHO;Deputado Distrital;77191;SOLIDARIEDADE;1;Não Eleito;1660387;126;2022-11-14 18:47:07
DF;BRASÍLIA;DIEGO LUIZ DE SOUSA ARRUDA;Deputado Federal;1400;PTB;1;Não Eleito;1607519;447;2022-11-14 18:47:07
DF;BRASÍLIA;DIEGO RODRIGUES TELES;Deputado Distrital;12333;PDT;1;Não Eleito;1660387;1096;2022-11-14 18:47:07
DF;BRASÍLIA;DILMANOEL DE ARAUJO SOARES;Deputado Distrital;12127;PDT;1;Não Eleito;1660387;102;2022-11-14 18:47:07
DF;BRASÍLIA;DILMAR NUNES DE CARVALHO;Deputado Federal;2829;PRTB;1;Não Eleito;1607519;122;2022-11-14 18:47:07
DF;BRASÍLIA;DIRSOMAR FERREIRA CHAVES;Deputado Distrital;15070;MDB;1;Suplente;1660387;4359;2022-11-14 18:47:07
DF;BRASÍLIA;DIVINO ROSA DE SOUZA;Deputado Distrital;70456;AVANTE;1;Suplente;1660387;894;2022-11-14 18:47:07
DF;BRASÍLIA;DÉBORA REGINA DA CONCEIÇÃO DE ALENCAR;Deputado Distrital;10987;REPUBLICANOS;1;Suplente;1660387;327;2022-11-14 18:47:07
DF;BRASÍLIA;EDILSON EUGÊNIO DA SILVA JUNIOR;Deputado Distrital;19061;PODE;1;Não Eleito;1660387;60;2022-11-14 18:47:07
DF;BRASÍLIA;EDIMAR PIRENEUS CARDOSO;Deputado Distrital;70777;AVANTE;1;Suplente;1660387;1458;2022-11-14 18:47:07
DF;BRASÍLIA;EDINÉZIO BERNARDO DOS SANTOS;Deputado Distrital;44401;UNIÃO;1;Suplente;1660387;1372;2022-11-14 18:47:07
DF;BRASÍLIA;EDMILSON RODRIGUES DE LIMA;Deputado Distrital;13456;PT;1;Suplente;1660387;1536;2022-11-14 18:47:07
DF;BRASÍLIA;EDNA BORGES CORREA;Deputado Distrital;77727;SOLIDARIEDADE;1;Não Eleito;1660387;106;2022-11-14 18:47:07
DF;BRASÍLIA;EDUARDO ALVES MOREIRA;Deputado Distrital;10800;REPUBLICANOS;1;Suplente;1660387;1052;2022-11-14 18:47:07
DF;BRASÍLIA;EDUARDO REZENDE DE CARVALHO;Deputado Distrital;28200;PRTB;1;Não Eleito;1660387;1139;2022-11-14 18:47:07
DF;BRASÍLIA;EDUARDO WEYNE PEDROSA;Deputado Distrital;44000;UNIÃO;1;Eleito;1660387;22489;2022-11-14 18:47:07
DF;BRASÍLIA;ELAINE DE OLIVEIRA BARBOSA;Deputado Distrital;22631;PL;1;Suplente;1660387;502;2022-11-14 18:47:07
DF;BRASÍLIA;ELAYNE CRISTINA CACHEN GUIMARAES PINHEIRO RATTES;Deputado Federal;3033;NOVO;1;Não Eleito;1607519;3026;2022-11-14 18:47:07
DF;BRASÍLIA;ELCIMARA AUGUSTO DE SOUZA;Senador;161;PSTU;1;Não Eleito;1576967;2473;2022-11-14 18:47:07
DF;BRASÍLIA;ELENILDE LIMA FRANCO;Deputado Distrital;70300;AVANTE;1;Suplente;1660387;231;2022-11-14 18:47:07
DF;BRASÍLIA;ELIANA MARIA PASSOS PEDROSA;Deputado Federal;4400;UNIÃO;1;Não Eleito;1607519;23453;2022-11-14 18:47:07
DF;BRASÍLIA;ELIANE BENTO DE CASTRO;Deputado Distrital;10099;REPUBLICANOS;1;Suplente;1660387;530;2022-11-14 18:47:07
DF;BRASÍLIA;ELIAS PEREIRA DE LACERDA;Deputado Distrital;44188;UNIÃO;1;Suplente;1660387;839;2022-11-14 18:47:07
DF;BRASÍLIA;ELIAS SILVA ARAÚJO;Deputado Distrital;65123;PC do B;1;Suplente;1660387;3030;2022-11-14 18:47:07
DF;BRASÍLIA;ELIED BARBOSA DE OLIVEIRA;Deputado Federal;7011;AVANTE;1;Não Eleito;1607519;591;2022-11-14 18:47:07
DF;BRASÍLIA;ELIETE DE SOUZA AMARAL PIMENTEL;Deputado Distrital;51017;PATRIOTA;1;Não Eleito;1660387;60;2022-11-14 18:47:07
DF;BRASÍLIA;ELIMAR CARVALHO DA SILVA;Deputado Distrital;28434;PRTB;1;Não Eleito;1660387;498;2022-11-14 18:47:07
DF;BRASÍLIA;ELIOMAR RODRIGUES DE SOUZA;Deputado Distrital;20123;PSC;1;Não Eleito;1660387;1749;2022-11-14 18:47:07
DF;BRASÍLIA;ELISANGELA DE ALMEIDA CANDEIAS MONTEIRO;Deputado Distrital;20322;PSC;1;Não Eleito;1660387;193;2022-11-14 18:47:07
DF;BRASÍLIA;ELISANGELA DE SOUSA SILVA ALMEIDA;Deputado Distrital;36180;AGIR;1;Suplente;1660387;708;2022-11-14 18:47:07
DF;BRASÍLIA;ELISANGELA MACHADO DOS SANTOS DE FREITAS;Deputado Federal;1022;REPUBLICANOS;1;Suplente;1607519;2422;2022-11-14 18:47:07
DF;BRASÍLIA;ELISEU KADESH ROSA ASSUNÇÃO;Deputado Federal;4433;UNIÃO;1;Não Eleito;1607519;3253;2022-11-14 18:47:07
DF;BRASÍLIA;ELIZABETH CRISTINA DO NASCIMENTO SOARES;Deputado Distrital;30033;NOVO;1;Não Eleito;1660387;403;2022-11-14 18:47:07
DF;BRASÍLIA;ELIZEU DE SOUZA;Deputado Federal;7070;AVANTE;1;Não Eleito;1607519;2111;2022-11-14 18:47:07
DF;BRASÍLIA;ELZIOVAN MATIAS MORENO LIMA;Governador;14;PTB;1;Não Eleito;1655043;94100;2022-11-14 18:47:07
DF;BRASÍLIA;EMANUELL HENRIQUE DA SILVA;Deputado Distrital;70222;AVANTE;1;Suplente;1660387;744;2022-11-14 18:47:07
DF;BRASÍLIA;EMILINE NASCIMENTO DE OLIVEIRA;Deputado Distrital;23245;CIDADANIA;1;Suplente;1660387;205;2022-11-14 18:47:07
DF;BRASÍLIA;EMY APARECIDA DA SILVA LEITÃO;Deputado Federal;3622;AGIR;1;Não Eleito;1607519;859;2022-11-14 18:47:07
DF;BRASÍLIA;ENES FONSECA JUNIOR;Deputado Distrital;35122;PMB;1;Não Eleito;1660387;369;2022-11-14 18:47:07
DF;BRASÍLIA;ENILDE NERES MARTINS;Deputado Distrital;18181;REDE;1;Suplente;1660387;432;2022-11-14 18:47:07
DF;BRASÍLIA;ERIC SEBA DE CASTRO;Deputado Distrital;40004;PSB;1;Suplente;1660387;325;2022-11-14 18:47:07
DF;BRASÍLIA;ERICK PAIXÃO BONZI DE ASSIS;Deputado Distrital;28082;PRTB;1;Não Eleito;1660387;234;2022-11-14 18:47:07
DF;BRASÍLIA;ERICK PETER PONTES DE GOUVEA;Deputado Distrital;77007;SOLIDARIEDADE;1;Não Eleito;1660387;724;2022-11-14 18:47:07
DF;BRASÍLIA;ERICKA SIQUEIRA NOGUEIRA FILIPPELLI;Deputado Distrital;14100;PTB;1;Não Eleito;1660387;4734;2022-11-14 18:47:07
DF;BRASÍLIA;ERIKA JUCÁ KOKAY;Deputado Federal;1331;PT;1;Eleito;1607519;146092;2022-11-14 18:47:07
DF;BRASÍLIA;ERIVAN HILÁRIO DOS SANTOS;Deputado Federal;1361;PT;1;Suplente;1607519;31538;2022-11-14 18:47:07
DF;BRASÍLIA;ESTEFANE CELIS ARAÚJO;Deputado Distrital;55678;PSD;1;Suplente;1660387;356;2022-11-14 18:47:07
DF;BRASÍLIA;ESTEVÃO CARVALHO LOPES;Deputado Federal;4044;PSB;1;Não Eleito;1607519;1492;2022-11-14 18:47:07
DF;BRASÍLIA;ESTEVÃO SOUZA DOS REIS;Deputado Distrital;11190;PP;1;Suplente;1660387;2914;2022-11-14 18:47:07
DF;BRASÍLIA;ESTÊVÃO CUBAS ROLIM;Deputado Distrital;40444;PSB;1;Suplente;1660387;1101;2022-11-14 18:47:07
DF;BRASÍLIA;ETIENO DE SOUSA PEREIRA;Deputado Distrital;36123;AGIR;1;Suplente;1660387;1613;2022-11-14 18:47:07
DF;BRASÍLIA;EUCLIDES FERREIRA DE ASSUNÇÃO;Deputado Federal;1222;PDT;1;Não Eleito;1607519;470;2022-11-14 18:47:07
DF;BRASÍLIA;EUDES JOSÉ DOS SANTOS;Deputado Distrital;20220;PSC;1;Não Eleito;1660387;259;2022-11-14 18:47:07
DF;BRASÍLIA;EUDES JUDITH MERCES DE OLIVEIRA FELIX;Deputado Distrital;33100;PMN;1;Suplente;1660387;394;2022-11-14 18:47:07
DF;BRASÍLIA;EUFRASIO PEREIRA DA SILVA;Deputado Distrital;51151;PATRIOTA;1;Não Eleito;1660387;1673;2022-11-14 18:47:07
DF;BRASÍLIA;EUGENIO RIBEIRO MAGALHÃES;Deputado Distrital;23023;CIDADANIA;1;Suplente;1660387;382;2022-11-14 18:47:07
DF;BRASÍLIA;EURÍPEDES VIANA SANTANA;Deputado Distrital;55456;PSD;1;Suplente;1660387;736;2022-11-14 18:47:07
DF;BRASÍLIA;EVA LUCIA FERNANDES DE ASSIS;Deputado Distrital;14144;PTB;1;Não Eleito;1660387;546;2022-11-14 18:47:07
DF;BRASÍLIA;EVANDRO CARLOS DE SOUZA TELES;Deputado Distrital;19038;PODE;1;Não Eleito;1660387;604;2022-11-14 18:47:07
DF;BRASÍLIA;EVERALDO ANTONIO DA CRUZ;Deputado Distrital;20022;PSC;1;Não Eleito;1660387;965;2022-11-14 18:47:07
DF;BRASÍLIA;EVERTON SALVADOR DA SILVA;Deputado Federal;1600;PSTU;1;Não Eleito;1607519;95;2022-11-14 18:47:07
DF;BRASÍLIA;EXPEDITO CARNEIRO DE MENDONÇA;Senador;290;PCO;1;Não Eleito;1576967;613;2022-11-14 18:47:07
DF;BRASÍLIA;FABIANO E SILVA LEITÃO DUARTE;Deputado Distrital;13007;PT;1;Suplente;1660387;4460;2022-11-14 18:47:07
DF;BRASÍLIA;FABIANO GUIMARÃES DA ROCHA;Deputado Federal;1099;REPUBLICANOS;1;Suplente;1607519;7090;2022-11-14 18:47:07
DF;BRASÍLIA;FABIO CARLOS FERNANDES;Deputado Distrital;27278;DC;1;Não Eleito;1660387;140;2022-11-14 18:47:07
DF;BRASÍLIA;FABIO MIRANDA RODRIGUES;Deputado Distrital;40700;PSB;1;Suplente;1660387;657;2022-11-14 18:47:07
DF;BRASÍLIA;FABIO PEREIRA DE SOUSA;Deputado Federal;1525;MDB;1;Suplente;1607519;7047;2022-11-14 18:47:07
DF;BRASÍLIA;FADI FAYEZ FARAJ;Deputado Federal;4422;UNIÃO;1;Não Eleito;1607519;14670;2022-11-14 18:47:07
DF;BRASÍLIA;FATIMA DANTAS MONTENEGRO;Deputado Distrital;20147;PSC;1;Não Eleito;1660387;186;2022-11-14 18:47:07
DF;BRASÍLIA;FATIMA LUCIA ROLA;Deputado Distrital;13321;PT;1;Suplente;1660387;2180;2022-11-14 18:47:07
DF;BRASÍLIA;FELLIPE PASSOS DOS SANTOS;Deputado Distrital;27722;DC;1;Não Eleito;1660387;165;2022-11-14 18:47:07
DF;BRASÍLIA;FERNANDO ALVES LIMA;Deputado Distrital;55010;PSD;1;Suplente;1660387;391;2022-11-14 18:47:07
DF;BRASÍLIA;FERNANDO BATISTA FERNANDES;Deputado Distrital;90190;PROS;1;Não Eleito;1660387;12383;2022-11-14 18:47:07
DF;BRASÍLIA;FERNANDO FRANCISCO DA SILVA DE SOUZA;Deputado Federal;7733;SOLIDARIEDADE;1;Não Eleito;1607519;172;2022-11-14 18:47:07
DF;BRASÍLIA;FERNANDO MOURA DOS SANTOS;Deputado Distrital;70555;AVANTE;1;Não Eleito;1660387;3220;2022-11-14 18:47:07
DF;BRASÍLIA;FLAUZINO ANTUNES NETO;Deputado Federal;6599;PC do B;1;Suplente;1607519;797;2022-11-14 18:47:07
DF;BRASÍLIA;FLORIANO BARBOSA DE AMORIM NETO;Deputado Distrital;22001;PL;1;Suplente;1660387;2065;2022-11-14 18:47:07
DF;BRASÍLIA;FLÁVIA CAROLINA PÉRES;Senador;222;PL;1;Não Eleito;1576967;429676;2022-11-14 18:47:07
DF;BRASÍLIA;FLÁVIO DO CARMO;Deputado Distrital;50400;PSOL;1;Suplente;1660387;638;2022-11-14 18:47:07
DF;BRASÍLIA;FLÁVIO MENDES RODRIGUES;Deputado Distrital;28500;PRTB;1;Não Eleito;1660387;1213;2022-11-14 18:47:07
DF;BRASÍLIA;FLÁVIO WERNECK MENEGUELLI;Deputado Federal;4411;UNIÃO;1;Não Eleito;1607519;4716;2022-11-14 18:47:07
DF;BRASÍLIA;FORLAND OLIVEIRA SILVA;Deputado Distrital;33001;PMN;1;Suplente;1660387;3086;2022-11-14 18:47:07
DF;BRASÍLIA;FRANCILMA ALVES MENDONÇA DE OLIVEIRA;Deputado Distrital;90180;PROS;1;Não Eleito;1660387;118;2022-11-14 18:47:07
DF;BRASÍLIA;FRANCISCO CLAUDIO DE ABRANTES;Deputado Distrital;55123;PSD;1;Suplente;1660387;20254;2022-11-14 18:47:07
DF;BRASÍLIA;FRANCISCO CRISTIANO LOPES;Deputado Federal;4067;PSB;1;Não Eleito;1607519;595;2022-11-14 18:47:07
DF;BRASÍLIA;FRANCISCO DA SILVA FERREIRA;Deputado Distrital;90013;PROS;1;Não Eleito;1660387;230;2022-11-14 18:47:07
DF;BRASÍLIA;FRANCISCO DE SOUSA ANDRADE;Deputado Federal;2323;CIDADANIA;1;Não Eleito;1607519;916;2022-11-14 18:47:07
DF;BRASÍLIA;FRANCISCO DOMINGOS DOS SANTOS;Deputado Distrital;13100;PT;1;Eleito;1660387;43854;2022-11-14 18:47:07
DF;BRASÍLIA;FRANCISCO ERALDO SOARES;Deputado Distrital;11192;PP;1;Suplente;1660387;896;2022-11-14 18:47:07
DF;BRASÍLIA;FRANCISCO EUQUILDES DE ARAÚJO;Deputado Distrital;23122;CIDADANIA;1;Suplente;1660387;341;2022-11-14 18:47:07
DF;BRASÍLIA;FRANCISCO JOSE TIODOSIO;Deputado Distrital;20335;PSC;1;Não Eleito;1660387;381;2022-11-14 18:47:07
DF;BRASÍLIA;FRANCISCO JOSÉ TARGINO;Deputado Distrital;16016;PSTU;1;Não Eleito;1660387;152;2022-11-14 18:47:07
DF;BRASÍLIA;FRANCISCO JOÉLIO RODRIGUES DA SILVA;Deputado Distrital;45026;PSDB;1;Suplente;1660387;4252;2022-11-14 18:47:07
DF;BRASÍLIA;FRANCISCO LOPES DE SOUSA FILHO;Deputado Distrital;77123;SOLIDARIEDADE;1;Não Eleito;1660387;337;2022-11-14 18:47:07
DF;BRASÍLIA;FRANCISCO PEREIRA DE SOUSA;Deputado Federal;3300;PMN;1;Não Eleito;1607519;1268;2022-11-14 18:47:07
DF;BRASÍLIA;FRANCISCO SUERLANDIO FARIAS FERREIRA;Deputado Distrital;14333;PTB;1;Não Eleito;1660387;67;2022-11-14 18:47:07
DF;BRASÍLIA;FREDSON MARQUES RODRIGUES;Deputado Distrital;19022;PODE;1;Não Eleito;1660387;636;2022-11-14 18:47:07
DF;BRASÍLIA;FÁBIO DA SILVA;Deputado Distrital;51190;PATRIOTA;1;Não Eleito;1660387;310;2022-11-14 18:47:07
DF;BRASÍLIA;FÁBIO DE BARROS CORREIA GOMES FILHO;Deputado Distrital;28028;PRTB;1;Não Eleito;1660387;3002;2022-11-14 18:47:07
DF;BRASÍLIA;FÁBIO FELIX SILVEIRA;Deputado Distrital;50123;PSOL;1;Eleito;1660387;51792;2022-11-14 18:47:07
DF;BRASÍLIA;FÁBIO MULLER FIGUEIRA;Deputado Distrital;19007;PODE;1;Não Eleito;1660387;673;2022-11-14 18:47:07
DF;BRASÍLIA;GABRIEL MAGNO PEREIRA CRUZ;Deputado Distrital;13131;PT;1;Eleito;1660387;18063;2022-11-14 18:47:07
DF;BRASÍLIA;GABRIELLY APARECIDA DE ARAÚJO SOARES;Deputado Distrital;80180;UP;1;Não Eleito;1660387;1103;2022-11-14 18:47:07
DF;BRASÍLIA;GABRIELLY LETICYA LOPES DOS SANTOS;Deputado Distrital;12321;PDT;1;Não Eleito;1660387;528;2022-11-14 18:47:07
DF;BRASÍLIA;GENILSON ALVES DUARTE;Deputado Distrital;22389;PL;1;Suplente;1660387;6489;2022-11-14 18:47:07
DF;BRASÍLIA;GEORGE ALEX LIMA DE SOUZA;Deputado Distrital;15001;MDB;1;Suplente;1660387;1301;2022-11-14 18:47:07
DF;BRASÍLIA;GERALDO ANTÔNIO DE CASTRO;Deputado Federal;1919;PODE;1;Não Eleito;1607519;375;2022-11-14 18:47:07
DF;BRASÍLIA;GERALDO BATISTA ALVES DE SOUSA;Deputado Distrital;20190;PSC;1;Não Eleito;1660387;14123;2022-11-14 18:47:07
DF;BRASÍLIA;GERALDO FRANCISCO DO NASCIMENTO;Deputado Distrital;22633;PL;1;Suplente;1660387;723;2022-11-14 18:47:07
DF;BRASÍLIA;GETÚLIO BERNARDO MORATO FILHO;Deputado Distrital;30001;NOVO;1;Não Eleito;1660387;2344;2022-11-14 18:47:07
DF;BRASÍLIA;GIANCARLO BRUGNARA CHELOTTI;Deputado Distrital;15030;MDB;1;Suplente;1660387;2973;2022-11-14 18:47:07
DF;BRASÍLIA;GILCILENE MARIA DOS SANTOS;Deputado Federal;5551;PSD;1;Não Eleito;1607519;4441;2022-11-14 18:47:07
DF;BRASÍLIA;GILVAM MAXIMO;Deputado Federal;1015;REPUBLICANOS;1;Eleito;1607519;20923;2022-11-14 18:47:07
DF;BRASÍLIA;GILVAN DE SOUSA ARAUJO;Deputado Distrital;70789;AVANTE;1;Suplente;1660387;476;2022-11-14 18:47:07
DF;BRASÍLIA;GISELE CRISTINE DE ALMEIDA MONTENEGRO;Deputado Distrital;11001;PP;1;Suplente;1660387;1144;2022-11-14 18:47:07
DF;BRASÍLIA;GISELLE RHAYLLA ANDRADE DE OLIVEIRA;Deputado Federal;7033;AVANTE;1;Não Eleito;1607519;667;2022-11-14 18:47:07
DF;BRASÍLIA;GIULIANNO CASTELO BRANCO LOPES;Deputado Distrital;30300;NOVO;1;Não Eleito;1660387;814;2022-11-14 18:47:07
DF;BRASÍLIA;GLAUCE CANDIDA LOPES FRANCO;Deputado Federal;2002;PSC;1;Não Eleito;1607519;164;2022-11-14 18:47:07
DF;BRASÍLIA;GLAUCIO HENRIQUE OLIVEIRA DA CUNHA;Deputado Distrital;33777;PMN;1;Suplente;1660387;881;2022-11-14 18:47:07
DF;BRASÍLIA;GLAYCE HELENA BARBOSA ALVES;Deputado Distrital;40033;PSB;1;Suplente;1660387;543;2022-11-14 18:47:07
DF;BRASÍLIA;GREGORY BRITO RODRIGUES;Deputado Distrital;51515;PATRIOTA;1;Não Eleito;1660387;1059;2022-11-14 18:47:07
DF;BRASÍLIA;GUILHERME ALVES CARVALHO;Deputado Distrital;40800;PSB;1;Suplente;1660387;181;2022-11-14 18:47:07
DF;BRASÍLIA;GUILHERME AMORIM BAPTISTA GUIMARÃES;Deputado Distrital;27190;DC;1;Não Eleito;1660387;400;2022-11-14 18:47:07
DF;BRASÍLIA;GUILHERME UILSON DE SOUSA;Deputado Distrital;18000;REDE;1;Suplente;1660387;987;2022-11-14 18:47:07
DF;BRASÍLIA;GUSTAVO ALMEIDA AIRES;Deputado Distrital;15133;MDB;1;Suplente;1660387;5207;2022-11-14 18:47:07
DF;BRASÍLIA;GUSTAVO RAMIRO SILVA SOUZA;Deputado Distrital;28917;PRTB;1;Não Eleito;1660387;160;2022-11-14 18:47:07
DF;BRASÍLIA;GUTENBERG RODRIGUES DE SOUSA;Deputado Distrital;33077;PMN;1;Suplente;1660387;411;2022-11-14 18:47:07
DF;BRASÍLIA;HALAND MEDEIROS GUILARDE;Deputado Distrital;20017;PSC;1;Não Eleito;1660387;845;2022-11-14 18:47:07
DF;BRASÍLIA;HAMILTON TEIXEIRA DOS SANTOS;Deputado Distrital;44144;UNIÃO;1;Suplente;1660387;6496;2022-11-14 18:47:07
DF;BRASÍLIA;HELENA CANTANHÊDE VIEIRA;Deputado Distrital;90444;PROS;1;Não Eleito;1660387;250;2022-11-14 18:47:07
DF;BRASÍLIA;HELLEN CRISTHYAN CORREIA BOAVENTURA;Deputado Distrital;13180;PT;1;Suplente;1660387;7626;2022-11-14 18:47:07
DF;BRASÍLIA;HELTON LOPES MARQUES;Deputado Distrital;27999;DC;1;Não Eleito;1660387;161;2022-11-14 18:47:07
DF;BRASÍLIA;HEMERSON DOS SANTOS LUZ;Deputado Federal;7007;AVANTE;1;Não Eleito;1607519;1256;2022-11-14 18:47:07
DF;BRASÍLIA;HEWERT RITCHARD DE MELO;Deputado Federal;3633;AGIR;1;Não Eleito;1607519;353;2022-11-14 18:47:07
DF;BRASÍLIA;HOSANA DO NASCIMENTO CARDOSO;Deputado Federal;2322;CIDADANIA;1;Não Eleito;1607519;430;2022-11-14 18:47:07
DF;BRASÍLIA;HUELITON SIMÕES;Deputado Distrital;35999;PMB;1;Não Eleito;1660387;390;2022-11-14 18:47:07
DF;BRASÍLIA;HÉLIO JOSÉ DA SILVA LIMA;Senador;777;SOLIDARIEDADE;1;Não Eleito;1576967;2069;2022-11-14 18:47:07
DF;BRASÍLIA;HÉRICA WERBENIA DE SOUZA ALVES;Deputado Distrital;33111;PMN;1;Suplente;1660387;560;2022-11-14 18:47:07
DF;BRASÍLIA;IBANEIS ROCHA BARROS JÚNIOR;Governador;15;MDB;1;Eleito;1655043;832633;2022-11-14 18:47:07
DF;BRASÍLIA;IERI DE SOUSA BRAGA JUNIOR;Deputado Federal;2999;PCO;1;Não Eleito;1607519;53;2022-11-14 18:47:07
DF;BRASÍLIA;ILDA RIBEIRO PELIZ;Deputado Distrital;22100;PL;1;Suplente;1660387;7262;2022-11-14 18:47:07
DF;BRASÍLIA;ILDEU NERY DE ARAÚJO;Deputado Distrital;50456;PSOL;1;Suplente;1660387;242;2022-11-14 18:47:07
DF;BRASÍLIA;ILSON WALTER PEREIRA DOS SANTOS;Deputado Distrital;14007;PTB;1;Não Eleito;1660387;509;2022-11-14 18:47:07
DF;BRASÍLIA;INDIRA CRUZ DO COUTO;Deputado Distrital;30111;NOVO;1;Não Eleito;1660387;462;2022-11-14 18:47:07
DF;BRASÍLIA;INÊS FERREIRA DOS SANTOS;Deputado Distrital;22373;PL;1;Suplente;1660387;247;2022-11-14 18:47:07
DF;BRASÍLIA;IOLANDO ALMEIDA DE SOUZA;Deputado Distrital;15000;MDB;1;Eleito;1660387;20757;2022-11-14 18:47:07
DF;BRASÍLIA;IONETE RUBEM CAMPOS;Deputado Distrital;36888;AGIR;1;Suplente;1660387;912;2022-11-14 18:47:07
DF;BRASÍLIA;IRACEMA MARIA DURÃO MOREIRA;Deputado Federal;1441;PTB;1;Não Eleito;1607519;211;2022-11-14 18:47:07
DF;BRASÍLIA;IRACILDA MARIA DE SIQUEIRA;Deputado Distrital;27777;DC;1;Não Eleito;1660387;300;2022-11-14 18:47:07
DF;BRASÍLIA;IRIS DO CÉU DE PAULA GOMES;Deputado Distrital;35055;PMB;1;Não Eleito;1660387;36;2022-11-14 18:47:07
DF;BRASÍLIA;IRIS MARIA DOS SANTOS;Deputado Distrital;11444;PP;1;Suplente;1660387;591;2022-11-14 18:47:07
DF;BRASÍLIA;ISABELLE AVON CAROLINO VANDERLEI;Deputado Distrital;50999;PSOL;1;Suplente;1660387;3143;2022-11-14 18:47:07
DF;BRASÍLIA;ISMAR CARVALHO DE OLIVEIRA;Deputado Distrital;90901;PROS;1;Não Eleito;1660387;118;2022-11-14 18:47:07
DF;BRASÍLIA;ISRAEL MATOS BATISTA;Deputado Federal;4077;PSB;1;Não Eleito;1607519;40885;2022-11-14 18:47:07
DF;BRASÍLIA;ITAMAR ALVES DE OLIVEIRA;Deputado Distrital;50300;PSOL;1;Suplente;1660387;149;2022-11-14 18:47:07
DF;BRASÍLIA;IURY ALMEIDA DE MEDEIROS;Deputado Distrital;20888;PSC;1;Não Eleito;1660387;646;2022-11-14 18:47:07
DF;BRASÍLIA;IVAN CANDIDO DE MORAES;Deputado Distrital;51777;PATRIOTA;1;Não Eleito;1660387;7894;2022-11-14 18:47:07
DF;BRASÍLIA;IVAN JOSÉ DE ALMEIDA JUNIOR;Deputado Federal;2033;PSC;1;Não Eleito;1607519;273;2022-11-14 18:47:07
DF;BRASÍLIA;IVANA GUIMARÃES STOIMENOF DE SOUSA;Deputado Distrital;70900;AVANTE;1;Suplente;1660387;199;2022-11-14 18:47:07
DF;BRASÍLIA;IVONE ARMANDO LUZARDO DE SOUSA;Deputado Federal;1422;PTB;1;Não Eleito;1607519;943;2022-11-14 18:47:07
DF;BRASÍLIA;IVONE LOPES DE CARVALHO;Deputado Federal;2777;DC;1;Não Eleito;1607519;244;2022-11-14 18:47:07
DF;BRASÍLIA;IZADORA SOARES COIMBRA DOS SANTOS;Deputado Distrital;20026;PSC;1;Não Eleito;1660387;2862;2022-11-14 18:47:07
DF;BRASÍLIA;IZAEL DAMÁZIO DE SOUZA;Deputado Distrital;23999;CIDADANIA;1;Suplente;1660387;40;2022-11-14 18:47:07
DF;BRASÍLIA;IZAIAS SOARES PEREIRA;Deputado Distrital;10222;REPUBLICANOS;1;Suplente;1660387;1932;2022-11-14 18:47:07
DF;BRASÍLIA;IZALCI LUCAS FERREIRA;Governador;45;PSDB;1;Não Eleito;1655043;70584;2022-11-14 18:47:07
DF;BRASÍLIA;JACIRA SIQUEIRA SILVA;Deputado Distrital;23321;CIDADANIA;1;Suplente;1660387;348;2022-11-14 18:47:07
DF;BRASÍLIA;JACKSON DE JESUS SANTOS;Deputado Distrital;11077;PP;1;Suplente;1660387;503;2022-11-14 18:47:07
DF;BRASÍLIA;JACKSON DE SOUZA;Deputado Distrital;90123;PROS;1;Não Eleito;1660387;1191;2022-11-14 18:47:07
DF;BRASÍLIA;JACKSON RIBEIRO DA SILVA;Deputado Distrital;20444;PSC;1;Não Eleito;1660387;372;2022-11-14 18:47:07
DF;BRASÍLIA;JAILDO VIEIRA REIS;Deputado Distrital;70999;AVANTE;1;Suplente;1660387;1257;2022-11-14 18:47:07
DF;BRASÍLIA;JAILTON ALMEIDA DO NASCIMENTO;Deputado Distrital;30030;NOVO;1;Não Eleito;1660387;3233;2022-11-14 18:47:07
DF;BRASÍLIA;JAIR MESSIAS BOLSONARO;Presidente;22;PL;1;Segundo turno;1762575;910397;2022-11-14 18:47:07
DF;BRASÍLIA;JAIRO FELIX;Deputado Distrital;35180;PMB;1;Não Eleito;1660387;43;2022-11-14 18:47:07
DF;BRASÍLIA;JANAINA ANDREA ALMEIDA SÉRGIO;Deputado Distrital;40013;PSB;1;Suplente;1660387;1156;2022-11-14 18:47:07
DF;BRASÍLIA;JANE KLEBIA DO NASCIMENTO SILVA REIS;Deputado Distrital;36555;AGIR;1;Eleito;1660387;19006;2022-11-14 18:47:07
DF;BRASÍLIA;JANIO FARIAS MARQUES;Deputado Federal;1522;MDB;1;Suplente;1607519;5102;2022-11-14 18:47:07
DF;BRASÍLIA;JANISIO BARBOSA DO NASCIMENTO MELO;Deputado Federal;7790;SOLIDARIEDADE;1;Não Eleito;1607519;301;2022-11-14 18:47:07
DF;BRASÍLIA;JAQUELINE ANGELA DA SILVA;Deputado Distrital;36900;AGIR;1;Eleito;1660387;26452;2022-11-14 18:47:07
DF;BRASÍLIA;JAQUELINE BERNARDO DE ALENCAR;Deputado Distrital;55550;PSD;1;Suplente;1660387;111;2022-11-14 18:47:07
DF;BRASÍLIA;JEAN FERREIRA MOURÃO;Deputado Distrital;12456;PDT;1;Não Eleito;1660387;409;2022-11-14 18:47:07
DF;BRASÍLIA;JEANN ALLISON SEGUNDO DA CUNHA;Deputado Distrital;43420;PV;1;Suplente;1660387;1398;2022-11-14 18:47:07
DF;BRASÍLIA;JOAB GOMES BARBOSA;Deputado Distrital;70400;AVANTE;1;Suplente;1660387;582;2022-11-14 18:47:07
DF;BRASÍLIA;JOAO ALVES CARDOSO;Deputado Distrital;70888;AVANTE;1;Eleito;1660387;17579;2022-11-14 18:47:07
DF;BRASÍLIA;JOAO CLEBER FERNANDES DE ARAUJO;Deputado Distrital;33010;PMN;1;Suplente;1660387;1958;2022-11-14 18:47:07
DF;BRASÍLIA;JOAO LEAL NETO;Deputado Distrital;55666;PSD;1;Suplente;1660387;606;2022-11-14 18:47:07
DF;BRASÍLIA;JOAO PAULO BARBOSA DE FARIAS;Deputado Distrital;36321;AGIR;1;Suplente;1660387;2738;2022-11-14 18:47:07
DF;BRASÍLIA;JOAO VICTOR OLIVEIRA ARAPONGA SALAS;Deputado Distrital;14022;PTB;1;Não Eleito;1660387;242;2022-11-14 18:47:07
DF;BRASÍLIA;JOAQUIM DOMINGOS RORIZ NETO;Deputado Distrital;22000;PL;1;Eleito;1660387;21057;2022-11-14 18:47:07
DF;BRASÍLIA;JOAQUIM JOSÉ GOMES E SILVA;Deputado Distrital;28022;PRTB;1;Não Eleito;1660387;196;2022-11-14 18:47:07
DF;BRASÍLIA;JOE CARLO VIANA VALLE;Senador;123;PDT;1;Não Eleito;1576967;49310;2022-11-14 18:47:07
DF;BRASÍLIA;JOHN RAYNER NOGUEIRA MENDES;Deputado Distrital;30420;NOVO;1;Não Eleito;1660387;103;2022-11-14 18:47:07
DF;BRASÍLIA;JONATHAN LIMA DE ARAÚJO;Deputado Distrital;33051;PMN;1;Suplente;1660387;1579;2022-11-14 18:47:07
DF;BRASÍLIA;JONATHAN PEREIRA COUTO;Deputado Distrital;23100;CIDADANIA;1;Suplente;1660387;1546;2022-11-14 18:47:07
DF;BRASÍLIA;JORDENES FERREIRA DA SILVA;Deputado Distrital;15615;MDB;1;Suplente;1660387;9351;2022-11-14 18:47:07
DF;BRASÍLIA;JORGE ERNESTO SANCHEZ RUIZ;Deputado Federal;3066;NOVO;1;Não Eleito;1607519;342;2022-11-14 18:47:07
DF;BRASÍLIA;JORGE LUIZ DA CRUZ SILVA;Deputado Distrital;51007;PATRIOTA;1;Não Eleito;1660387;4705;2022-11-14 18:47:07
DF;BRASÍLIA;JORGE VIANA DE SOUSA;Deputado Distrital;55192;PSD;1;Eleito;1660387;30640;2022-11-14 18:47:07
DF;BRASÍLIA;JOSE DE PAIVA MACIEL;Deputado Federal;1498;PTB;1;Não Eleito;1607519;311;2022-11-14 18:47:07
DF;BRASÍLIA;JOSE GABRIEL DE SOUZA JUNIOR;Senador;270;DC;1;Não Eleito;1576967;4795;2022-11-14 18:47:07
DF;BRASÍLIA;JOSE GOMES FERREIRA FILHO;Deputado Federal;1177;PP;1;Não Eleito;1607519;28528;2022-11-14 18:47:07
DF;BRASÍLIA;JOSE MARIA EYMAEL;Presidente;27;DC;1;Não Eleito;1762575;518;2022-11-14 18:47:07
DF;BRASÍLIA;JOSE OSCAR DA SILVA;Deputado Federal;2727;DC;1;Não Eleito;1607519;1448;2022-11-14 18:47:07
DF;BRASÍLIA;JOSE ROBERTO DA SILVA;Deputado Distrital;90199;PROS;1;Não Eleito;1660387;122;2022-11-14 18:47:07
DF;BRASÍLIA;JOSE WAGNER GONÇALVES DA COSTA;Deputado Distrital;77193;SOLIDARIEDADE;1;Não Eleito;1660387;123;2022-11-14 18:47:07
DF;BRASÍLIA;JOSEFINA SERRA DOS SANTOS;Deputado Distrital;40107;PSB;1;Suplente;1660387;1263;2022-11-14 18:47:07
DF;BRASÍLIA;JOSISSON SILVA SANTOS;Deputado Distrital;40100;PSB;1;Suplente;1660387;486;2022-11-14 18:47:07
DF;BRASÍLIA;JOSIVALDO FEITOSA DA SILVA;Deputado Distrital;27100;DC;1;Não Eleito;1660387;99;2022-11-14 18:47:07
DF;BRASÍLIA;JOSIVAN DA SILVA FERREIRA;Deputado Distrital;19783;PODE;1;Não Eleito;1660387;97;2022-11-14 18:47:07
DF;BRASÍLIA;JOSIVANIA JORGE DA SILVA GURGEL;Deputado Distrital;36222;AGIR;1;Suplente;1660387;1694;2022-11-14 18:47:07
DF;BRASÍLIA;JOSÉ ARAÚJO DE CARVALHO LIMA;Deputado Distrital;36444;AGIR;1;Suplente;1660387;865;2022-11-14 18:47:07
DF;BRASÍLIA;JOSÉ CLÁUDIO BONINA;Deputado Distrital;15012;MDB;1;Suplente;1660387;4730;2022-11-14 18:47:07
DF;BRASÍLIA;JOSÉ DE OLIVEIRA GUEDES;Deputado Distrital;36456;AGIR;1;Suplente;1660387;673;2022-11-14 18:47:07
DF;BRASÍLIA;JOSÉ DE RIBAMAR MOREIRA DE ARAUJO;Deputado Distrital;35707;PMB;1;Não Eleito;1660387;173;2022-11-14 18:47:07
DF;BRASÍLIA;JOSÉ EUGENIO PIEDADE RODRIGUES;Deputado Distrital;33555;PMN;1;Suplente;1660387;360;2022-11-14 18:47:07
DF;BRASÍLIA;JOSÉ FERREIRA NETO;Deputado Federal;3001;NOVO;1;Não Eleito;1607519;214;2022-11-14 18:47:07
DF;BRASÍLIA;JOSÉ GADÊLHA LOUREIRO;Deputado Distrital;12369;PDT;1;Não Eleito;1660387;3332;2022-11-14 18:47:07
DF;BRASÍLIA;JOSÉ GOUDIM CARNEIRO;Deputado Distrital;36000;AGIR;1;Suplente;1660387;3122;2022-11-14 18:47:07
DF;BRASÍLIA;JOSÉ HENRIQUE DOS SANTOS;Deputado Distrital;55789;PSD;1;Suplente;1660387;726;2022-11-14 18:47:07
DF;BRASÍLIA;JOSÉ LUIZ LOPES;Deputado Distrital;28000;PRTB;1;Não Eleito;1660387;1805;2022-11-14 18:47:07
DF;BRASÍLIA;JOSÉ OLÍMPIO AUGUSTO MORELLI;Deputado Distrital;18061;REDE;1;Suplente;1660387;425;2022-11-14 18:47:07
DF;BRASÍLIA;JOSÉ RIBAMAR SILVA DE SOUSA JÚNIOR;Deputado Distrital;44190;UNIÃO;1;Suplente;1660387;1058;2022-11-14 18:47:07
DF;BRASÍLIA;JOSÉ RICARDO GROSSI DE SOUZA;Deputado Distrital;11311;PP;1;Suplente;1660387;795;2022-11-14 18:47:07
DF;BRASÍLIA;JOSÉ SOUSA SILVA;Deputado Distrital;27007;DC;1;Não Eleito;1660387;213;2022-11-14 18:47:07
DF;BRASÍLIA;JOSÉ WELLINGTON CAMARGO LIMA;Deputado Distrital;33444;PMN;1;Suplente;1660387;677;2022-11-14 18:47:07
DF;BRASÍLIA;JOVINO FERREIRA DA COSTA TAVARES;Deputado Distrital;44007;UNIÃO;1;Suplente;1660387;575;2022-11-14 18:47:07
DF;BRASÍLIA;JOVITA JOSÉ ROSA;Deputado Distrital;12000;PDT;1;Não Eleito;1660387;1032;2022-11-14 18:47:07
DF;BRASÍLIA;JOÃO ALBERTO FRAGA SILVA;Deputado Federal;2225;PL;1;Eleito;1607519;28825;2022-11-14 18:47:07
DF;BRASÍLIA;JOÃO BATISTA COSTA GOIS;Deputado Distrital;27333;DC;1;Não Eleito;1660387;150;2022-11-14 18:47:07
DF;BRASÍLIA;JOÃO D'ARC RAMOS DE OLIVEIRA;Deputado Distrital;30100;NOVO;1;Não Eleito;1660387;983;2022-11-14 18:47:07
DF;BRASÍLIA;JOÃO DIAS DE OLIVEIRA;Deputado Distrital;33233;PMN;1;Suplente;1660387;678;2022-11-14 18:47:07
DF;BRASÍLIA;JOÃO HERMETO DE OLIVEIRA NETO;Deputado Distrital;15190;MDB;1;Eleito;1660387;20332;2022-11-14 18:47:07
DF;BRASÍLIA;JOÃO JESUS DE OLIVEIRA;Deputado Distrital;13222;PT;1;Suplente;1660387;8802;2022-11-14 18:47:07
DF;BRASÍLIA;JOÃO JOSÉ VIANNA;Deputado Distrital;12777;PDT;1;Não Eleito;1660387;1536;2022-11-14 18:47:07
DF;BRASÍLIA;JOÃO LIMA FILHO;Deputado Federal;3313;PMN;1;Não Eleito;1607519;428;2022-11-14 18:47:07
DF;BRASÍLIA;JOÃO PAULO DE SOUZA SERAFIM;Deputado Distrital;40234;PSB;1;Suplente;1660387;1148;2022-11-14 18:47:07
DF;BRASÍLIA;JOÃO RENATO BORGES ABREU;Deputado Distrital;44555;UNIÃO;1;Suplente;1660387;1963;2022-11-14 18:47:07
DF;BRASÍLIA;JOÃO RODRIGUES BRANDÃO NETO;Deputado Distrital;27123;DC;1;Não Eleito;1660387;438;2022-11-14 18:47:07
DF;BRASÍLIA;JUAN RICTHELLY VIEIRA DA SILVA;Deputado Distrital;50420;PSOL;1;Suplente;1660387;353;2022-11-14 18:47:07
DF;BRASÍLIA;JUAREZ CARLOS DE LIMA OLIVEIRA JUNIOR;Deputado Distrital;11456;PP;1;Suplente;1660387;1179;2022-11-14 18:47:07
DF;BRASÍLIA;JULIA RODRIGUES MONTEIRO BARROS;Deputado Federal;9010;PROS;1;Não Eleito;1607519;362;2022-11-14 18:47:07
DF;BRASÍLIA;JULIANA DE FREITAS NASCIMENTO;Deputado Distrital;50016;PSOL;1;Suplente;1660387;244;2022-11-14 18:47:07
DF;BRASÍLIA;JULIANA ZAPPALA PORCARO PIRES DE SABOIA;Deputado Distrital;70022;AVANTE;1;Suplente;1660387;254;2022-11-14 18:47:07
DF;BRASÍLIA;JULIO CESAR DE OLIVEIRA SILVA;Deputado Distrital;36999;AGIR;1;Suplente;1660387;980;2022-11-14 18:47:07
DF;BRASÍLIA;JULIO CESAR RIBEIRO;Deputado Federal;1010;REPUBLICANOS;1;Eleito;1607519;76274;2022-11-14 18:47:07
DF;BRASÍLIA;JULIO CEZAR DE JESUS;Deputado Distrital;11033;PP;1;Suplente;1660387;958;2022-11-14 18:47:07
DF;BRASÍLIA;JUSSARA MARIA FAVIERO DE LARA RIBEIRO;Deputado Distrital;55283;PSD;1;Suplente;1660387;219;2022-11-14 18:47:07
DF;BRASÍLIA;JÚLIA LUCY MARQUES ARAÚJO;Deputado Federal;4455;UNIÃO;1;Não Eleito;1607519;20021;2022-11-14 18:47:07
DF;BRASÍLIA;JÚLIO CESAR DELIA RIEDER;Deputado Distrital;55777;PSD;1;Suplente;1660387;837;2022-11-14 18:47:07
DF;BRASÍLIA;KAREN LUCIA SANTOS RECHMANN;Deputado Distrital;90789;PROS;1;Não Eleito;1660387;80;2022-11-14 18:47:07
DF;BRASÍLIA;KARINE DE SANTES BASTOS MOREIRA;Deputado Distrital;28280;PRTB;1;Não Eleito;1660387;464;2022-11-14 18:47:07
DF;BRASÍLIA;KARINY GERALDA ALVES VEIGA;Deputado Distrital;90500;PROS;1;Não Eleito;1660387;1313;2022-11-14 18:47:07
DF;BRASÍLIA;KARLA VINHAS DE JESUS;Deputado Federal;4500;PSDB;1;Não Eleito;1607519;1436;2022-11-14 18:47:07
DF;BRASÍLIA;KELLY CRISTINA PEREIRA DOS SANTOS;Deputado Distrital;10022;REPUBLICANOS;1;Suplente;1660387;1224;2022-11-14 18:47:07
DF;BRASÍLIA;KELMON LUIS DA SILVA SOUZA;Presidente;14;PTB;1;Não Eleito;1762575;1554;2022-11-14 18:47:07
DF;BRASÍLIA;KELWEN TCHALES FERREIRA BORGES;Deputado Distrital;27000;DC;1;Não Eleito;1660387;241;2022-11-14 18:47:07
DF;BRASÍLIA;KLERYSSON RODRIGUES DE SOUSA;Deputado Distrital;14999;PTB;1;Não Eleito;1660387;423;2022-11-14 18:47:07
DF;BRASÍLIA;KLESLEY GARCIA SOARES;Deputado Distrital;36193;AGIR;1;Suplente;1660387;3587;2022-11-14 18:47:07
DF;BRASÍLIA;KLÁICYLA GRACE DOS SANTOS LOPES;Deputado Distrital;33061;PMN;1;Suplente;1660387;326;2022-11-14 18:47:07
DF;BRASÍLIA;KOE KENDY UYARA;Deputado Federal;2822;PRTB;1;Não Eleito;1607519;77;2022-11-14 18:47:07
DF;BRASÍLIA;KYARA ZARUTY DA SILVA;Deputado Distrital;35100;PMB;1;Não Eleito;1660387;6;2022-11-14 18:47:07
DF;BRASÍLIA;LACI MARIA SILVA;Deputado Distrital;77745;SOLIDARIEDADE;1;Não Eleito;1660387;41;2022-11-14 18:47:07
DF;BRASÍLIA;LARISSA SCHMIDT;Deputado Federal;4050;PSB;1;Não Eleito;1607519;611;2022-11-14 18:47:07
DF;BRASÍLIA;LAURIANNE DE MIRANDA GOMES;Deputado Federal;1881;REDE;1;Não Eleito;1607519;1318;2022-11-14 18:47:07
DF;BRASÍLIA;LEANDRO ANTÔNIO GRASS PEIXOTO;Governador;43;PV;1;Não Eleito;1655043;434587;2022-11-14 18:47:07
DF;BRASÍLIA;LEANDRO DE LIMA LIRA;Deputado Federal;2311;CIDADANIA;1;Não Eleito;1607519;382;2022-11-14 18:47:07
DF;BRASÍLIA;LEANDRO FERREIRA PEDROSO;Deputado Distrital;12345;PDT;1;Não Eleito;1660387;784;2022-11-14 18:47:07
DF;BRASÍLIA;LEANDRO HUNGRIA DAS NEVES;Deputado Distrital;51456;PATRIOTA;1;Não Eleito;1660387;6041;2022-11-14 18:47:07
DF;BRASÍLIA;LEANDRO NARDY DE ALMEIDA;Deputado Federal;4555;PSDB;1;Não Eleito;1607519;671;2022-11-14 18:47:07
DF;BRASÍLIA;LEILA GOMES DE BARROS RÊGO;Governador;12;PDT;1;Não Eleito;1655043;79597;2022-11-14 18:47:07
DF;BRASÍLIA;LEIRSON TRIGUEIRO MATOS;Deputado Distrital;23000;CIDADANIA;1;Suplente;1660387;2869;2022-11-14 18:47:07
DF;BRASÍLIA;LENILSON CUSTODIO DA SILVA;Deputado Distrital;51999;PATRIOTA;1;Não Eleito;1660387;712;2022-11-14 18:47:07
DF;BRASÍLIA;LEONARDO JOSÉ RODRIGUES DE SANT'ANNA;Deputado Distrital;15215;MDB;1;Suplente;1660387;593;2022-11-14 18:47:07
DF;BRASÍLIA;LEONARDO MIRANDA DE CASTRO;Deputado Distrital;10001;REPUBLICANOS;1;Suplente;1660387;1375;2022-11-14 18:47:07
DF;BRASÍLIA;LEONARDO PÉRICLES VIEIRA ROQUE;Presidente;80;UP;1;Não Eleito;1762575;1262;2022-11-14 18:47:07
DF;BRASÍLIA;LEONARDO RODRIGUES DE JESUS;Deputado Distrital;22061;PL;1;Suplente;1660387;1801;2022-11-14 18:47:07
DF;BRASÍLIA;LEONARDO XAVIER RANGEL;Deputado Distrital;12344;PDT;1;Não Eleito;1660387;405;2022-11-14 18:47:07
DF;BRASÍLIA;LESLIE CASTRO DE SOUZA;Deputado Distrital;15022;MDB;1;Suplente;1660387;170;2022-11-14 18:47:07
DF;BRASÍLIA;LETÍCIA SAMPAIO JUSTINO;Deputado Distrital;44122;UNIÃO;1;Suplente;1660387;3896;2022-11-14 18:47:07
DF;BRASÍLIA;LIDIANE DIAS DE MORAES DOS SANTOS;Deputado Federal;2325;CIDADANIA;1;Não Eleito;1607519;277;2022-11-14 18:47:07
DF;BRASÍLIA;LIGIA BEATRIZ AMORIM AMARAL;Deputado Federal;7788;SOLIDARIEDADE;1;Não Eleito;1607519;234;2022-11-14 18:47:07
DF;BRASÍLIA;LORENA FERREIRA;Deputado Distrital;19030;PODE;1;Não Eleito;1660387;188;2022-11-14 18:47:07
DF;BRASÍLIA;LORENA RAIZAMA COSTA;Deputado Distrital;70500;AVANTE;1;Suplente;1660387;690;2022-11-14 18:47:07
DF;BRASÍLIA;LOUISE FERREIRA DE SOUZA;Deputado Federal;4321;PV;1;Suplente;1607519;802;2022-11-14 18:47:07
DF;BRASÍLIA;LUCAS LUZ REIS DOS SANTOS;Deputado Distrital;40022;PSB;1;Suplente;1660387;535;2022-11-14 18:47:07
DF;BRASÍLIA;LUCIANA BLADEM DE SOUZA;Deputado Distrital;27127;DC;1;Não Eleito;1660387;154;2022-11-14 18:47:07
DF;BRASÍLIA;LUCIANO ALVES DA COSTA SANTOS;Deputado Federal;2019;PSC;1;Não Eleito;1607519;979;2022-11-14 18:47:07
DF;BRASÍLIA;LUCIANO CANDIDO COUTO;Deputado Distrital;35135;PMB;1;Não Eleito;1660387;416;2022-11-14 18:47:07
DF;BRASÍLIA;LUCIANO DE SOUZA SEBALHO;Deputado Distrital;19222;PODE;1;Não Eleito;1660387;386;2022-11-14 18:47:07
DF;BRASÍLIA;LUCIANO LUCAS DA SILVA;Deputado Distrital;35190;PMB;1;Não Eleito;1660387;6;2022-11-14 18:47:07
DF;BRASÍLIA;LUCIANO NAZARIO FEITOZA;Deputado Federal;2077;PSC;1;Não Eleito;1607519;480;2022-11-14 18:47:07
DF;BRASÍLIA;LUCILEIDE NASCIMENTO E SILVA;Deputado Distrital;35888;PMB;1;Não Eleito;1660387;20;2022-11-14 18:47:07
DF;BRASÍLIA;LUCIMAR ALVES MARTINS;Deputado Distrital;12020;PDT;1;Não Eleito;1660387;261;2022-11-14 18:47:07
DF;BRASÍLIA;LUCIMAR NEVES CORDEIRO GOMES;Deputado Distrital;45101;PSDB;1;Suplente;1660387;2458;2022-11-14 18:47:07
DF;BRASÍLIA;LUCIMARIO BATISTA DOS SANTOS;Deputado Distrital;27017;DC;1;Não Eleito;1660387;63;2022-11-14 18:47:07
DF;BRASÍLIA;LUCIMIR HENRIQUE PESSOA MAIA;Deputado Distrital;55321;PSD;1;Suplente;1660387;2768;2022-11-14 18:47:07
DF;BRASÍLIA;LUCINEIDE MARIA DA SILVA LIMA;Deputado Federal;2700;DC;1;Não Eleito;1607519;611;2022-11-14 18:47:07
DF;BRASÍLIA;LUDMILA DE FARO NAZARETH PASSOS;Deputado Distrital;15007;MDB;1;Suplente;1660387;198;2022-11-14 18:47:07
DF;BRASÍLIA;LUDMILA WEIZMANN SUAID LEVYSKI;Deputado Distrital;50180;PSOL;1;Suplente;1660387;1280;2022-11-14 18:47:07
DF;BRASÍLIA;LUIZ ANDRE RORIZ SOLANO;Deputado Distrital;36777;AGIR;1;Suplente;1660387;885;2022-11-14 18:47:07
DF;BRASÍLIA;LUIZ CARLOS LUCAS SALLES;Governador;27;DC;1;Não Eleito;1655043;4218;2022-11-14 18:47:07
DF;BRASÍLIA;LUIZ CARLOS ROCHA DA SILVA;Deputado Federal;7026;AVANTE;1;Não Eleito;1607519;2352;2022-11-14 18:47:07
DF;BRASÍLIA;LUIZ CARLOS RODRIGUES DE MATOS;Deputado Distrital;77089;SOLIDARIEDADE;1;Não Eleito;1660387;72;2022-11-14 18:47:07
DF;BRASÍLIA;LUIZ FELIPE CHAVES D'AVILA;Presidente;30;NOVO;1;Não Eleito;1762575;10342;2022-11-14 18:47:07
DF;BRASÍLIA;LUIZ FERNANDO RAMOS DE ALMEIDA;Deputado Distrital;30303;NOVO;1;Não Eleito;1660387;470;2022-11-14 18:47:07
DF;BRASÍLIA;LUIZ GONZAGA DE ANDRADE COSTA DE FRANÇA;Deputado Federal;2722;DC;1;Não Eleito;1607519;359;2022-11-14 18:47:07
DF;BRASÍLIA;LUIZ GUILHERME PINHEIRO DE MEDEIROS;Deputado Distrital;30333;NOVO;1;Não Eleito;1660387;2390;2022-11-14 18:47:07
DF;BRASÍLIA;LUIZ INÁCIO LULA DA SILVA;Presidente;13;PT;1;Segundo turno;1762575;649534;2022-11-14 18:47:07
DF;BRASÍLIA;LUIZ RAIMUNDO DE OLIVEIRA;Deputado Federal;9033;PROS;1;Não Eleito;1607519;52;2022-11-14 18:47:07
DF;BRASÍLIA;LUIZA MARIA DA SILVA SOUZA;Deputado Distrital;11124;PP;1;Suplente;1660387;660;2022-11-14 18:47:07
DF;BRASÍLIA;LULO DE SOUSA SENA;Deputado Distrital;33400;PMN;1;Suplente;1660387;889;2022-11-14 18:47:07
DF;BRASÍLIA;LUSIANO FRANCISCO DE SOUSA;Deputado Distrital;90555;PROS;1;Não Eleito;1660387;103;2022-11-14 18:47:07
DF;BRASÍLIA;LUSIMAR TORRES ARRUDA;Deputado Distrital;33190;PMN;1;Suplente;1660387;6632;2022-11-14 18:47:07
DF;BRASÍLIA;LUZIA DE LOURDES MOREIRA DE PAULA;Deputado Distrital;40456;PSB;1;Suplente;1660387;4064;2022-11-14 18:47:07
DF;BRASÍLIA;LÉLIO FIRMINO SAUNDERS COSTA;Deputado Distrital;15069;MDB;1;Suplente;1660387;251;2022-11-14 18:47:07
DF;BRASÍLIA;LÊDA GONÇALVES DE FREITAS;Deputado Distrital;13000;PT;1;Suplente;1660387;4894;2022-11-14 18:47:07
DF;BRASÍLIA;LÍVIA SARAIVA DA CRUZ TEIXEIRA;Deputado Distrital;15061;MDB;1;Suplente;1660387;134;2022-11-14 18:47:07
DF;BRASÍLIA;MAGNETE BARBOSA GUIMARAES;Deputado Distrital;13130;PT;1;Suplente;1660387;3248;2022-11-14 18:47:07
DF;BRASÍLIA;MANOEL EVERTON DOS SANTOS LAURENTINO;Deputado Distrital;40001;PSB;1;Suplente;1660387;596;2022-11-14 18:47:07
DF;BRASÍLIA;MANOEL FRANCISCO DA SILVA;Deputado Distrital;12148;PDT;1;Não Eleito;1660387;395;2022-11-14 18:47:07
DF;BRASÍLIA;MANOEL MESSIAS GALVÃO RIBAS;Deputado Distrital;20000;PSC;1;Não Eleito;1660387;1560;2022-11-14 18:47:07
DF;BRASÍLIA;MANOEL SANSÃO ALVES BARBOSA;Deputado Distrital;22111;PL;1;Suplente;1660387;974;2022-11-14 18:47:07
DF;BRASÍLIA;MANOEL WAGNER ALVINO ALVES;Deputado Federal;1999;PODE;1;Não Eleito;1607519;3038;2022-11-14 18:47:07
DF;BRASÍLIA;MARCELO ABRUNHOSA HIPÓLITO;Senador;142;PTB;1;Não Eleito;1576967;1841;2022-11-14 18:47:07
DF;BRASÍLIA;MARCELO AGUIAR FERREIRA;Deputado Distrital;11777;PP;1;Suplente;1660387;7322;2022-11-14 18:47:07
DF;BRASÍLIA;MARCELO FERREIRA DA SILVA;Deputado Distrital;10000;REPUBLICANOS;1;Suplente;1660387;4327;2022-11-14 18:47:07
DF;BRASÍLIA;MARCELO OLIVEIRA BATISTA;Deputado Distrital;44193;UNIÃO;1;Suplente;1660387;1761;2022-11-14 18:47:07
DF;BRASÍLIA;MARCIA DE SOUSA GAMA;Deputado Distrital;44002;UNIÃO;1;Suplente;1660387;127;2022-11-14 18:47:07
DF;BRASÍLIA;MARCIA RIBEIRO CHRISTIANO MAIA;Deputado Distrital;20222;PSC;1;Não Eleito;1660387;575;2022-11-14 18:47:07
DF;BRASÍLIA;MARCILENE LIMA DE SOUZA;Deputado Federal;2300;CIDADANIA;1;Não Eleito;1607519;251;2022-11-14 18:47:07
DF;BRASÍLIA;MARCIO CAVALCANTE DE VASCONCELOS;Deputado Federal;1590;MDB;1;Suplente;1607519;3363;2022-11-14 18:47:07
DF;BRASÍLIA;MARCIO GUIMARÃES CURSINO;Deputado Distrital;77555;SOLIDARIEDADE;1;Não Eleito;1660387;178;2022-11-14 18:47:07
DF;BRASÍLIA;MARCIO VALERIO MENDONÇA TOMAZ;Deputado Distrital;11144;PP;1;Não Eleito;1660387;2491;2022-11-14 18:47:07
DF;BRASÍLIA;MARCO ANTONIO TOCCOLINI;Deputado Distrital;10177;REPUBLICANOS;1;Suplente;1660387;811;2022-11-14 18:47:07
DF;BRASÍLIA;MARCO AURELIO COSTA;Deputado Federal;2228;PL;1;Suplente;1607519;1458;2022-11-14 18:47:07
DF;BRASÍLIA;MARCOS ANTONIO DA SILVA;Deputado Distrital;35444;PMB;1;Não Eleito;1660387;33;2022-11-14 18:47:07
DF;BRASÍLIA;MARCOS ANTONIO DOMINGOS;Deputado Federal;1100;PP;1;Não Eleito;1607519;1385;2022-11-14 18:47:07
DF;BRASÍLIA;MARCOS ANTÔNIO DE SOUSA;Deputado Distrital;43433;PV;1;Suplente;1660387;1889;2022-11-14 18:47:07
DF;BRASÍLIA;MARCOS ARAUJO DE MIRANDA;Deputado Federal;1414;PTB;1;Não Eleito;1607519;223;2022-11-14 18:47:07
DF;BRASÍLIA;MARCOS GUTEMBERG FIALHO DA COSTA;Deputado Distrital;19123;PODE;1;Não Eleito;1660387;11360;2022-11-14 18:47:07
DF;BRASÍLIA;MARCOS LUIZ SABÓIA LOUREIRO;Deputado Distrital;23987;CIDADANIA;1;Suplente;1660387;60;2022-11-14 18:47:07
DF;BRASÍLIA;MARCOS MARTINS MACHADO;Deputado Distrital;10123;REPUBLICANOS;1;Eleito;1660387;31993;2022-11-14 18:47:07
DF;BRASÍLIA;MARCOS MARTINS PERES;Deputado Distrital;14407;PTB;1;Não Eleito;1660387;70;2022-11-14 18:47:07
DF;BRASÍLIA;MARCOS MAURICIO RODRIGUES PEREIRA;Deputado Distrital;70100;AVANTE;1;Suplente;1660387;3580;2022-11-14 18:47:07
DF;BRASÍLIA;MARCOS PACCO RIBEIRO COELHO;Deputado Distrital;44333;UNIÃO;1;Suplente;1660387;7128;2022-11-14 18:47:07
DF;BRASÍLIA;MARCOS VINICIOS DE JESUS MORAIS;Deputado Federal;4017;PSB;1;Não Eleito;1607519;5239;2022-11-14 18:47:07
DF;BRASÍLIA;MARCOS WESLEY DE SOUSA FEITOSA;Deputado Federal;4022;PSB;1;Não Eleito;1607519;29870;2022-11-14 18:47:07
DF;BRASÍLIA;MARCUS VINICIUS BRITTO DE ALBUQUERQUE DIAS;Deputado Distrital;70070;AVANTE;1;Suplente;1660387;5444;2022-11-14 18:47:07
DF;BRASÍLIA;MARIA ANGÉLICA BRITO MACHADO;Deputado Federal;2223;PL;1;Suplente;1607519;1977;2022-11-14 18:47:07
DF;BRASÍLIA;MARIA ANTONIA RODRIGUES MAGALHAES;Deputado Distrital;51051;PATRIOTA;1;Não Eleito;1660387;3229;2022-11-14 18:47:07
DF;BRASÍLIA;MARIA APARECIDA BOTELHO DA SILVA;Deputado Distrital;14322;PTB;1;Não Eleito;1660387;480;2022-11-14 18:47:07
DF;BRASÍLIA;MARIA CLARETE PEREIRA DOS SANTOS BARBOSA;Deputado Federal;7090;AVANTE;1;Não Eleito;1607519;439;2022-11-14 18:47:07
DF;BRASÍLIA;MARIA CLÁUDIA LAPA DE SOUZA BUSTAMANTE;Deputado Distrital;19111;PODE;1;Não Eleito;1660387;734;2022-11-14 18:47:07
DF;BRASÍLIA;MARIA CÍCERA SALUSTRIANO CAETANO;Deputado Federal;5118;PATRIOTA;1;Não Eleito;1607519;541;2022-11-14 18:47:07
DF;BRASÍLIA;MARIA DAS DORES GOMES DA SILVA SANTOS;Deputado Distrital;45777;PSDB;1;Suplente;1660387;801;2022-11-14 18:47:07
DF;BRASÍLIA;MARIA DAS GRAÇAS MOREIRA NASCIMENTO;Deputado Federal;2820;PRTB;1;Não Eleito;1607519;220;2022-11-14 18:47:07
DF;BRASÍLIA;MARIA DE DEUS COELHO ROCHA FARIA;Deputado Distrital;23333;CIDADANIA;1;Suplente;1660387;1853;2022-11-14 18:47:07
DF;BRASÍLIA;MARIA DE FÁTIMA CHAVES CAVALCANTE DE OLIVEIRA;Deputado Distrital;28217;PRTB;1;Não Eleito;1660387;132;2022-11-14 18:47:07
DF;BRASÍLIA;MARIA DE FÁTIMA PASSOS CAVALCANTE;Deputado Distrital;22021;PL;1;Suplente;1660387;338;2022-11-14 18:47:07
DF;BRASÍLIA;MARIA DE LOURDES ABADIA;Deputado Distrital;44566;UNIÃO;1;Suplente;1660387;6006;2022-11-14 18:47:07
DF;BRASÍLIA;MARIA DIVA FERREIRA DE BRITO;Deputado Distrital;50333;PSOL;1;Suplente;1660387;1999;2022-11-14 18:47:07
DF;BRASÍLIA;MARIA DO SANTO COSTA SOUSA;Deputado Federal;4440;UNIÃO;1;Não Eleito;1607519;5629;2022-11-14 18:47:07
DF;BRASÍLIA;MARIA DUCLERIO BRAZILINO DA SILVA;Deputado Distrital;27222;DC;1;Não Eleito;1660387;57;2022-11-14 18:47:07
DF;BRASÍLIA;MARIA EDUARDA KRASNY DE SOUZA DA SILVA;Deputado Federal;5088;PSOL;1;Não Eleito;1607519;2202;2022-11-14 18:47:07
DF;BRASÍLIA;MARIA FRANCISCA SOARES DA CÔRTE;Deputado Distrital;12111;PDT;1;Não Eleito;1660387;177;2022-11-14 18:47:07
DF;BRASÍLIA;MARIA FÁTIMA DE SOUSA;Deputado Federal;5050;PSOL;1;Não Eleito;1607519;7989;2022-11-14 18:47:07
DF;BRASÍLIA;MARIA JOSÉ ALVES MORENO CABRAL;Deputado Distrital;20777;PSC;1;Não Eleito;1660387;94;2022-11-14 18:47:07
DF;BRASÍLIA;MARIA LUIZA ANTUNES DE PAIVA;Deputado Distrital;30500;NOVO;1;Não Eleito;1660387;255;2022-11-14 18:47:07
DF;BRASÍLIA;MARIA MAECÉ FERREIRA BORGES;Deputado Federal;2707;DC;1;Não Eleito;1607519;112;2022-11-14 18:47:07
DF;BRASÍLIA;MARIA RITA ALVES DE SOUZA;Deputado Distrital;35321;PMB;1;Não Eleito;1660387;242;2022-11-14 18:47:07
DF;BRASÍLIA;MARIA ROSA RODRIGUES MARINO CRUZEIRO;Deputado Federal;3345;PMN;1;Não Eleito;1607519;1172;2022-11-14 18:47:07
DF;BRASÍLIA;MARIA SONEIDE DOS SANTOS FERREIRA;Deputado Distrital;77345;SOLIDARIEDADE;1;Não Eleito;1660387;139;2022-11-14 18:47:07
DF;BRASÍLIA;MARIANA ALMADA VIANA;Deputado Distrital;43061;PV;1;Suplente;1660387;2934;2022-11-14 18:47:07
DF;BRASÍLIA;MARIANA DE PAULA MOURA;Deputado Distrital;23111;CIDADANIA;1;Suplente;1660387;149;2022-11-14 18:47:07
DF;BRASÍLIA;MARIANA SIQUEIRA ROLLA SILVA ALVES;Deputado Distrital;70269;AVANTE;1;Suplente;1660387;887;2022-11-14 18:47:07
DF;BRASÍLIA;MARIANA VALENTIM DE OLIVEIRA SILVA;Deputado Federal;2324;CIDADANIA;1;Não Eleito;1607519;1058;2022-11-14 18:47:07
DF;BRASÍLIA;MARILIA VIEIRA MARQUES;Deputado Federal;2949;PCO;1;Não Eleito;1607519;139;2022-11-14 18:47:07
DF;BRASÍLIA;MARIVALDO DE CASTRO PEREIRA;Deputado Distrital;50050;PSOL;1;Suplente;1660387;9412;2022-11-14 18:47:07
DF;BRASÍLIA;MARLENE DE JESUS ABREU;Deputado Federal;1200;PDT;1;Não Eleito;1607519;499;2022-11-14 18:47:07
DF;BRASÍLIA;MARLI RODRIGUES;Deputado Federal;1501;MDB;1;Suplente;1607519;7873;2022-11-14 18:47:07
DF;BRASÍLIA;MARLON ANDERSON COSTA;Deputado Distrital;40123;PSB;1;Suplente;1660387;1834;2022-11-14 18:47:07
DF;BRASÍLIA;MARLY BEZERRA DE MEDEIROS;Deputado Distrital;77666;SOLIDARIEDADE;1;Não Eleito;1660387;65;2022-11-14 18:47:07
DF;BRASÍLIA;MATEUS SILVA DE MOURA;Deputado Distrital;77000;SOLIDARIEDADE;1;Não Eleito;1660387;253;2022-11-14 18:47:07
DF;BRASÍLIA;MAURICIO ALVES DA SILVA;Deputado Distrital;20191;PSC;1;Não Eleito;1660387;2016;2022-11-14 18:47:07
DF;BRASÍLIA;MAX MACIEL CAVALCANTI;Deputado Distrital;50100;PSOL;1;Eleito;1660387;35758;2022-11-14 18:47:07
DF;BRASÍLIA;MAX MARCEL OSSAMU YUHARA;Deputado Distrital;45222;PSDB;1;Suplente;1660387;1100;2022-11-14 18:47:07
DF;BRASÍLIA;MAX MAURAN PANTOJA DA COSTA;Deputado Federal;1277;PDT;1;Não Eleito;1607519;763;2022-11-14 18:47:07
DF;BRASÍLIA;MAYK ARAÚJO LOPES;Deputado Distrital;12180;PDT;1;Não Eleito;1660387;589;2022-11-14 18:47:07
DF;BRASÍLIA;MEIRE APARECIDA CARMO DE OLIVEIRA;Deputado Distrital;51031;PATRIOTA;1;Não Eleito;1660387;144;2022-11-14 18:47:07
DF;BRASÍLIA;MICHAEL BARBOSA MIRANDA;Deputado Distrital;35555;PMB;1;Não Eleito;1660387;1138;2022-11-14 18:47:07
DF;BRASÍLIA;MICHELINE NASCIMENTO DOS REIS ARAUJO;Deputado Distrital;35222;PMB;1;Não Eleito;1660387;269;2022-11-14 18:47:07
DF;BRASÍLIA;MICHELLE SALES CORREIA;Deputado Distrital;43000;PV;1;Suplente;1660387;871;2022-11-14 18:47:07
DF;BRASÍLIA;MICHELLE VALÉRIA NASCIMENTO SILVA;Deputado Distrital;19197;PODE;1;Não Eleito;1660387;932;2022-11-14 18:47:07
DF;BRASÍLIA;MICHELLO BUENO GONÇALVES OLIVEIRA;Deputado Distrital;10190;REPUBLICANOS;1;Suplente;1660387;5944;2022-11-14 18:47:07
DF;BRASÍLIA;MILENA RAMOS CÂMARA DE GODOY;Deputado Distrital;11222;PP;1;Suplente;1660387;6518;2022-11-14 18:47:07
DF;BRASÍLIA;MITERMAIER MARTINS DOS ANJOS;Deputado Distrital;10555;REPUBLICANOS;1;Suplente;1660387;714;2022-11-14 18:47:07
DF;BRASÍLIA;MOACIR ROSA DA SILVA;Deputado Distrital;90007;PROS;1;Não Eleito;1660387;196;2022-11-14 18:47:07
DF;BRASÍLIA;MONIA VAZ DE ANDRADE RAMOS;Deputado Distrital;11111;PP;1;Suplente;1660387;6613;2022-11-14 18:47:07
DF;BRASÍLIA;MONICA DA SILVA ALVARES;Deputado Distrital;30444;NOVO;1;Não Eleito;1660387;151;2022-11-14 18:47:07
DF;BRASÍLIA;MONICA DE SOUSA BASTOS;Deputado Distrital;20200;PSC;1;Não Eleito;1660387;403;2022-11-14 18:47:07
DF;BRASÍLIA;MONICA VITORIA DOS SANTOS DA COSTA;Deputado Federal;3310;PMN;1;Não Eleito;1607519;779;2022-11-14 18:47:07
DF;BRASÍLIA;MUCIO BOTELHO DE OLIVEIRA;Deputado Distrital;40061;PSB;1;Suplente;1660387;9956;2022-11-14 18:47:07
DF;BRASÍLIA;MÁRCIA SOARES MARTINS;Deputado Distrital;19999;PODE;1;Não Eleito;1660387;228;2022-11-14 18:47:07
DF;BRASÍLIA;MÁRCIA VALÉRIA CHAVES DE HOLANDA FERREIRA;Deputado Federal;9000;PROS;1;Não Eleito;1607519;615;2022-11-14 18:47:07
DF;BRASÍLIA;MÁRCIO ANDRÉ ALVES DO PRADO;Deputado Distrital;18123;REDE;1;Suplente;1660387;550;2022-11-14 18:47:07
DF;BRASÍLIA;MÁRCIO COSTA ANTONELO;Deputado Distrital;30061;NOVO;1;Não Eleito;1660387;1258;2022-11-14 18:47:07
DF;BRASÍLIA;MÔNICA DE MENEZES DE ASSIS;Deputado Distrital;33211;PMN;1;Suplente;1660387;355;2022-11-14 18:47:07
DF;BRASÍLIA;MÔNICA NEVES DE ALMEIDA;Deputado Distrital;22050;PL;1;Suplente;1660387;954;2022-11-14 18:47:07
DF;BRASÍLIA;NAGELA MARIA GONÇALVES DOS SANTOS;Deputado Distrital;55200;PSD;1;Suplente;1660387;315;2022-11-14 18:47:07
DF;BRASÍLIA;NAIR QUEIROZ PESSOA;Deputado Distrital;36100;AGIR;1;Suplente;1660387;3155;2022-11-14 18:47:07
DF;BRASÍLIA;NARCISO DOURADO DE ARAÚJO;Deputado Distrital;55111;PSD;1;Suplente;1660387;303;2022-11-14 18:47:07
DF;BRASÍLIA;NAYARA DOS PASSOS SOARES;Deputado Distrital;14321;PTB;1;Não Eleito;1660387;554;2022-11-14 18:47:07
DF;BRASÍLIA;NAYERI DE SOUZA ALBUQUERQUE;Deputado Distrital;40777;PSB;1;Suplente;1660387;1309;2022-11-14 18:47:07
DF;BRASÍLIA;NEIDE RODRIGUES MESSIAS;Deputado Distrital;15504;MDB;1;Suplente;1660387;38;2022-11-14 18:47:07
DF;BRASÍLIA;NELSON ALVES PINTO NETO;Deputado Distrital;44321;UNIÃO;1;Suplente;1660387;1004;2022-11-14 18:47:07
DF;BRASÍLIA;NELSON TADEU FILIPPELLI;Deputado Distrital;15151;MDB;1;Suplente;1660387;7152;2022-11-14 18:47:07
DF;BRASÍLIA;NEUDER FRANCINO BASTOS;Deputado Distrital;29229;PCO;1;Não Eleito;1660387;30;2022-11-14 18:47:07
DF;BRASÍLIA;NEVITON PEREIRA JUNIOR;Deputado Federal;5590;PSD;1;Não Eleito;1607519;1407;2022-11-14 18:47:07
DF;BRASÍLIA;NILSON ASSUNÇÃO DE ARAÚJO;Deputado Distrital;45678;PSDB;1;Suplente;1660387;1456;2022-11-14 18:47:07
DF;BRASÍLIA;NILSON DA SILVA PIRES;Deputado Distrital;28001;PRTB;1;Não Eleito;1660387;324;2022-11-14 18:47:07
DF;BRASÍLIA;NILTON ALVES DOS SANTOS;Deputado Distrital;35111;PMB;1;Não Eleito;1660387;895;2022-11-14 18:47:07
DF;BRASÍLIA;NIVALDO DE OLIVEIRA;Deputado Federal;3326;PMN;1;Não Eleito;1607519;431;2022-11-14 18:47:07
DF;BRASÍLIA;NOEME DE OLIVEIRA DA SILVA;Deputado Federal;1440;PTB;1;Não Eleito;1607519;306;2022-11-14 18:47:07
DF;BRASÍLIA;NUCHE MENINO FIGUEIREDO DE CAMARGO;Deputado Distrital;23456;CIDADANIA;1;Suplente;1660387;8441;2022-11-14 18:47:07
DF;BRASÍLIA;NÉSIO OLIVEIRA SILVA;Deputado Federal;5150;PATRIOTA;1;Não Eleito;1607519;176;2022-11-14 18:47:07
DF;BRASÍLIA;NÍVIA MARIA DA CRUZ COSTA LEAL;Deputado Distrital;28180;PRTB;1;Não Eleito;1660387;144;2022-11-14 18:47:07
DF;BRASÍLIA;ODISSÉIA SÂNIA RODRIGUES E SILVA;Deputado Federal;1456;PTB;1;Não Eleito;1607519;79;2022-11-14 18:47:07
DF;BRASÍLIA;OLAIR FRANCISCO;Deputado Distrital;44244;UNIÃO;1;Suplente;1660387;3498;2022-11-14 18:47:07
DF;BRASÍLIA;OMAR BATISTA FILHO;Deputado Distrital;90391;PROS;1;Não Eleito;1660387;1428;2022-11-14 18:47:07
DF;BRASÍLIA;ORLANDO SALES DE OLIVEIRA JUNIOR;Deputado Distrital;36036;AGIR;1;Suplente;1660387;3253;2022-11-14 18:47:07
DF;BRASÍLIA;OSCAR REIS DA FONSECA JÚNIOR;Deputado Distrital;22333;PL;1;Suplente;1660387;572;2022-11-14 18:47:07
DF;BRASÍLIA;OSWALDO MARTINS FERREIRA;Deputado Distrital;55444;PSD;1;Suplente;1660387;603;2022-11-14 18:47:07
DF;BRASÍLIA;OSÉIAS RIBEIRO DE SOUZA;Deputado Distrital;36800;AGIR;1;Suplente;1660387;6642;2022-11-14 18:47:07
DF;BRASÍLIA;PABLO AGUIAR TAVARES DE PAULA GOMES;Deputado Distrital;33333;PMN;1;Suplente;1660387;7765;2022-11-14 18:47:07
DF;BRASÍLIA;PATRÍCIA CARLOS DOS SANTOS;Deputado Distrital;19800;PODE;1;Não Eleito;1660387;322;2022-11-14 18:47:07
DF;BRASÍLIA;PAUL KARSTEN GALLEGUILLOS KEMPF DE FARIAS;Deputado Federal;1454;PTB;1;Não Eleito;1607519;374;2022-11-14 18:47:07
DF;BRASÍLIA;PAULA MORENO PARO BELMONTE;Deputado Distrital;23455;CIDADANIA;1;Eleito;1660387;17208;2022-11-14 18:47:07
DF;BRASÍLIA;PAULO CHAGAS;Deputado Federal;1920;PODE;1;Não Eleito;1607519;2572;2022-11-14 18:47:07
DF;BRASÍLIA;PAULO FERNANDO MELO DA COSTA;Deputado Federal;1000;REPUBLICANOS;1;Suplente;1607519;15992;2022-11-14 18:47:07
DF;BRASÍLIA;PAULO HENRIQUE DE OLIVEIRA MELO;Deputado Federal;2772;DC;1;Não Eleito;1607519;274;2022-11-14 18:47:07
DF;BRASÍLIA;PAULO LEANDRO GALDO RODRIGUES;Deputado Distrital;10223;REPUBLICANOS;1;Suplente;1660387;415;2022-11-14 18:47:07
DF;BRASÍLIA;PAULO OCTÁVIO ALVES PEREIRA;Governador;55;PSD;1;Não Eleito;1655043;123715;2022-11-14 18:47:07
DF;BRASÍLIA;PAULO ROBERTO RIBEIRO DA ROCHA;Deputado Federal;1477;PTB;1;Não Eleito;1607519;865;2022-11-14 18:47:07
DF;BRASÍLIA;PAULO ROBERTO ROQUE ANTONIO KHOURI;Deputado Federal;3000;NOVO;1;Não Eleito;1607519;18811;2022-11-14 18:47:07
DF;BRASÍLIA;PAULO ROBERTO RORIZ;Deputado Distrital;14123;PTB;1;Não Eleito;1660387;3335;2022-11-14 18:47:07
DF;BRASÍLIA;PAULO ROBERTO SANTOS DA CUNHA;Deputado Federal;2099;PSC;1;Não Eleito;1607519;769;2022-11-14 18:47:07
DF;BRASÍLIA;PAULO RODRIGUES LIMA;Deputado Federal;1979;PODE;1;Não Eleito;1607519;130;2022-11-14 18:47:07
DF;BRASÍLIA;PAULO ROGERIO DA SILVA;Deputado Distrital;36789;AGIR;1;Não Eleito;1660387;107;2022-11-14 18:47:07
DF;BRASÍLIA;PAULO SERGIO BARBOSA DE SÁ;Deputado Federal;7010;AVANTE;1;Não Eleito;1607519;3081;2022-11-14 18:47:07
DF;BRASÍLIA;PEDRO HENRIQUE VAZ FERREIRA;Deputado Distrital;19000;PODE;1;Não Eleito;1660387;483;2022-11-14 18:47:07
DF;BRASÍLIA;PEDRO HENRIQUE VIEGAS DE OLIVEIRA;Deputado Federal;5566;PSD;1;Não Eleito;1607519;6112;2022-11-14 18:47:07
DF;BRASÍLIA;PEDRO IVO DE SOUZA BATISTA;Senador;180;REDE;1;Não Eleito;1576967;8133;2022-11-14 18:47:07
DF;BRASÍLIA;PEDRO IVO SANTANA BORGES DE LIMA;Deputado Distrital;44444;UNIÃO;1;Suplente;1660387;4629;2022-11-14 18:47:07
DF;BRASÍLIA;PEDRO PAULO ARAUJO MOREIRA;Deputado Distrital;30222;NOVO;1;Não Eleito;1660387;279;2022-11-14 18:47:07
DF;BRASÍLIA;PEDRO PAULO DE OLIVEIRA;Deputado Distrital;11011;PP;1;Eleito;1660387;15393;2022-11-14 18:47:07
DF;BRASÍLIA;PERCILLIANE MARRARA SILVA;Deputado Distrital;29029;PCO;1;Não Eleito;1660387;110;2022-11-14 18:47:07
DF;BRASÍLIA;PETRUS LEONARDO BARRON SANCHEZ;Deputado Distrital;19001;PODE;1;Não Eleito;1660387;2305;2022-11-14 18:47:07
DF;BRASÍLIA;PHILIPPE ANTÔNIO HERINGER FERREIRA GABRIG EMERICK BOTELHO;Deputado Distrital;12244;PDT;1;Não Eleito;1660387;266;2022-11-14 18:47:07
DF;BRASÍLIA;PRISCILLA VALÉRIA MARTINS;Deputado Distrital;55011;PSD;1;Suplente;1660387;12;2022-11-14 18:47:07
DF;BRASÍLIA;RACHEL HERINGER SALLES;Deputado Distrital;10221;REPUBLICANOS;1;Suplente;1660387;446;2022-11-14 18:47:07
DF;BRASÍLIA;RAFAEL CAVALCANTI PRUDENTE;Deputado Federal;1515;MDB;1;Eleito;1607519;121307;2022-11-14 18:47:07
DF;BRASÍLIA;RAFAEL DE SÁ SAMPAIO;Deputado Federal;2233;PL;1;Suplente;1607519;11762;2022-11-14 18:47:07
DF;BRASÍLIA;RAFAEL LIMA FREIRE;Deputado Federal;2044;PSC;1;Não Eleito;1607519;731;2022-11-14 18:47:07
DF;BRASÍLIA;RAFAEL LOBO DANTAS;Deputado Federal;3600;AGIR;1;Não Eleito;1607519;1869;2022-11-14 18:47:07
DF;BRASÍLIA;RAIMUNDA VIEIRA DOS SANTOS;Deputado Distrital;14700;PTB;1;Não Eleito;1660387;42;2022-11-14 18:47:07
DF;BRASÍLIA;RAIMUNDO NONATO GOMES DE ARAUJO FILHO;Deputado Distrital;14563;PTB;1;Não Eleito;1660387;358;2022-11-14 18:47:07
DF;BRASÍLIA;RAIMUNDO VITORINO DA SILVA FILHO;Deputado Distrital;77577;SOLIDARIEDADE;1;Não Eleito;1660387;218;2022-11-14 18:47:07
DF;BRASÍLIA;RAISSA ALESSANDRA ROSSITER;Deputado Distrital;40888;PSB;1;Suplente;1660387;1383;2022-11-14 18:47:07
DF;BRASÍLIA;RANNA CARLA MARTINS OLIVEIRA;Deputado Distrital;19777;PODE;1;Não Eleito;1660387;169;2022-11-14 18:47:07
DF;BRASÍLIA;RAPHAEL SEBBA DAHER FLEURY CURADO;Deputado Federal;5013;PSOL;1;Não Eleito;1607519;15050;2022-11-14 18:47:07
DF;BRASÍLIA;RAUL LOUREIRO LOPES NETO;Deputado Distrital;18888;REDE;1;Suplente;1660387;408;2022-11-14 18:47:07
DF;BRASÍLIA;RAVAN ALVES SANTOS;Deputado Distrital;36379;AGIR;1;Suplente;1660387;4254;2022-11-14 18:47:07
DF;BRASÍLIA;REBECA BRAGA LAKISS GUSMÃO;Deputado Distrital;44567;UNIÃO;1;Suplente;1660387;1378;2022-11-14 18:47:07
DF;BRASÍLIA;REGINA BENINI MOÉZIA DE LIMA;Deputado Distrital;10762;REPUBLICANOS;1;Suplente;1660387;3650;2022-11-14 18:47:07
DF;BRASÍLIA;REGINALDO ALVES LIMA FERNANDES;Deputado Distrital;33300;PMN;1;Suplente;1660387;626;2022-11-14 18:47:07
DF;BRASÍLIA;REGINALDO CARDOSO DA SILVA;Deputado Distrital;28281;PRTB;1;Não Eleito;1660387;234;2022-11-14 18:47:07
DF;BRASÍLIA;REGINALDO ROCHA SARDINHA GOES;Deputado Distrital;22200;PL;1;Suplente;1660387;20107;2022-11-14 18:47:07
DF;BRASÍLIA;REGINALDO VERAS COELHO;Deputado Federal;4343;PV;1;Eleito;1607519;54557;2022-11-14 18:47:07
DF;BRASÍLIA;REGIS SOARES MACHADO;Deputado Federal;1988;PODE;1;Não Eleito;1607519;829;2022-11-14 18:47:07
DF;BRASÍLIA;REINALDO BATISTA ARAÚJO;Deputado Distrital;10300;REPUBLICANOS;1;Suplente;1660387;2800;2022-11-14 18:47:07
DF;BRASÍLIA;RENAN DE ALMEIDA JÚNIOR;Deputado Distrital;36200;AGIR;1;Suplente;1660387;615;2022-11-14 18:47:07
DF;BRASÍLIA;RENAN ROSA DE ARRUDA;Governador;29;PCO;1;Não Eleito;1655043;373;2022-11-14 18:47:07
DF;BRASÍLIA;RENATA MESQUITA D'AGUIAR;Deputado Distrital;33456;PMN;1;Suplente;1660387;11473;2022-11-14 18:47:07
DF;BRASÍLIA;RENATO ANDRADE DOS SANTOS;Deputado Distrital;22122;PL;1;Suplente;1660387;13976;2022-11-14 18:47:07
DF;BRASÍLIA;RENATO CARNEIRO PEDROZA;Deputado Distrital;55511;PSD;1;Suplente;1660387;746;2022-11-14 18:47:07
DF;BRASÍLIA;RENATO SANTANA DA SILVA;Deputado Distrital;11555;PP;1;Suplente;1660387;5586;2022-11-14 18:47:07
DF;BRASÍLIA;RENATO TORRES BATISTA;Deputado Distrital;51022;PATRIOTA;1;Não Eleito;1660387;517;2022-11-14 18:47:07
DF;BRASÍLIA;RENILSON SANTOS DE ROMA;Deputado Federal;4401;UNIÃO;1;Não Eleito;1607519;7129;2022-11-14 18:47:07
DF;BRASÍLIA;RICARDO ALVARENGA;Deputado Distrital;51511;PATRIOTA;1;Não Eleito;1660387;691;2022-11-14 18:47:07
DF;BRASÍLIA;RICARDO DA SILVA ROCHA;Deputado Distrital;40404;PSB;1;Suplente;1660387;3841;2022-11-14 18:47:07
DF;BRASÍLIA;RICARDO DANTAS GOMES;Deputado Distrital;19456;PODE;1;Não Eleito;1660387;1771;2022-11-14 18:47:07
DF;BRASÍLIA;RICARDO DE SOUSA MACHADO;Deputado Federal;2929;PCO;1;Não Eleito;1607519;118;2022-11-14 18:47:07
DF;BRASÍLIA;RICARDO DE SOUZA LIMA CAIAFA;Deputado Distrital;22007;PL;1;Suplente;1660387;3879;2022-11-14 18:47:07
DF;BRASÍLIA;RICARDO FONSECA;Deputado Distrital;28008;PRTB;1;Não Eleito;1660387;297;2022-11-14 18:47:07
DF;BRASÍLIA;RICARDO HENRIQUE BENTO DE SOUZA DE BARROS MOREIRA;Deputado Distrital;14120;PTB;1;Não Eleito;1660387;261;2022-11-14 18:47:07
DF;BRASÍLIA;RICARDO MOREIRA DA COSTA;Deputado Distrital;20120;PSC;1;Não Eleito;1660387;3471;2022-11-14 18:47:07
DF;BRASÍLIA;RICARDO VALE DA SILVA;Deputado Distrital;13013;PT;1;Eleito;1660387;17077;2022-11-14 18:47:07
DF;BRASÍLIA;RICHARDE BRAGA RIECHE;Deputado Distrital;27220;DC;1;Não Eleito;1660387;70;2022-11-14 18:47:07
DF;BRASÍLIA;RILDO DE SOUZA MENDES;Deputado Distrital;55555;PSD;1;Suplente;1660387;619;2022-11-14 18:47:07
DF;BRASÍLIA;RISOMAR DA SILVA CARVALHO;Deputado Distrital;15111;MDB;1;Suplente;1660387;4653;2022-11-14 18:47:07
DF;BRASÍLIA;RITA DE CÁSSIA ANTUNES GOMES MASCARENHAS;Deputado Federal;3030;NOVO;1;Não Eleito;1607519;1817;2022-11-14 18:47:07
DF;BRASÍLIA;RITA DE CÁSSIA FERNANDES DE ANDRADE;Deputado Distrital;50005;PSOL;1;Suplente;1660387;934;2022-11-14 18:47:07
DF;BRASÍLIA;RITA DE CÁSSIA MOTA DE ALBUQUERQUE E SILVA;Deputado Distrital;20111;PSC;1;Não Eleito;1660387;182;2022-11-14 18:47:07
DF;BRASÍLIA;RIVANE LUCENA MELO PEDRA;Deputado Federal;3669;AGIR;1;Não Eleito;1607519;53;2022-11-14 18:47:07
DF;BRASÍLIA;ROBERT LUIS MARQUES RODRIGUES;Deputado Distrital;20321;PSC;1;Não Eleito;1660387;902;2022-11-14 18:47:07
DF;BRASÍLIA;ROBERTA ALMEIDA DE OLIVEIRA;Deputado Distrital;90333;PROS;1;Não Eleito;1660387;109;2022-11-14 18:47:07
DF;BRASÍLIA;ROBERTA DE CAMARGO;Deputado Federal;1223;PDT;1;Não Eleito;1607519;297;2022-11-14 18:47:07
DF;BRASÍLIA;ROBERTH MYTCHUWM MACHADO REGO;Deputado Distrital;14023;PTB;1;Não Eleito;1660387;104;2022-11-14 18:47:07
DF;BRASÍLIA;ROBERTO CABRAL BORGES;Deputado Federal;1800;REDE;1;Não Eleito;1607519;2917;2022-11-14 18:47:07
DF;BRASÍLIA;ROBERTO POLICARPO FAGUNDES;Deputado Federal;1313;PT;1;Suplente;1607519;22608;2022-11-14 18:47:07
DF;BRASÍLIA;ROBSON PALMA DO ROSARIO;Deputado Distrital;28888;PRTB;1;Não Eleito;1660387;356;2022-11-14 18:47:07
DF;BRASÍLIA;ROBSON PEREIRA RODRIGUES;Deputado Distrital;14000;PTB;1;Não Eleito;1660387;640;2022-11-14 18:47:07
DF;BRASÍLIA;ROBSON RAYMUNDO DA SILVA;Governador;16;PSTU;1;Não Eleito;1655043;841;2022-11-14 18:47:07
DF;BRASÍLIA;ROBÉRIO BANDEIRA DE NEGREIROS FILHO;Deputado Distrital;55000;PSD;1;Eleito;1660387;31341;2022-11-14 18:47:07
DF;BRASÍLIA;RODOLPHO HOTH DOS REIS;Deputado Federal;7777;SOLIDARIEDADE;1;Não Eleito;1607519;478;2022-11-14 18:47:07
DF;BRASÍLIA;RODRIGO ANTONIO LOPES BELCHIOR;Deputado Federal;7710;SOLIDARIEDADE;1;Não Eleito;1607519;2736;2022-11-14 18:47:07
DF;BRASÍLIA;RODRIGO BENTO DOS SANTOS;Deputado Distrital;44100;UNIÃO;1;Suplente;1660387;2810;2022-11-14 18:47:07
DF;BRASÍLIA;RODRIGO FRANCELINO ALVES;Deputado Distrital;40105;PSB;1;Suplente;1660387;9643;2022-11-14 18:47:07
DF;BRASÍLIA;RODRIGO GERMANO DELMASSO MARTINS;Deputado Distrital;10456;REPUBLICANOS;1;Suplente;1660387;23243;2022-11-14 18:47:07
DF;BRASÍLIA;RODRIGO OLIVEIRA DE CASTRO DIAS;Deputado Distrital;40400;PSB;1;Suplente;1660387;2400;2022-11-14 18:47:07
DF;BRASÍLIA;RODRIGO RAFAEL DE SANTANA OLIVEIRA;Deputado Distrital;70358;AVANTE;1;Suplente;1660387;424;2022-11-14 18:47:07
DF;BRASÍLIA;RODRIGO RODRIGUES FERREIRA GOMES;Deputado Federal;4444;UNIÃO;1;Não Eleito;1607519;2637;2022-11-14 18:47:07
DF;BRASÍLIA;RODRIGO SOBRAL ROLLEMBERG;Deputado Federal;4040;PSB;1;Não Eleito;1607519;51926;2022-11-14 18:47:07
DF;BRASÍLIA;ROGERIO MARQUES DA SILVA LIMA;Deputado Distrital;51222;PATRIOTA;1;Não Eleito;1660387;688;2022-11-14 18:47:07
DF;BRASÍLIA;ROGERIO SALES SILVEIRA;Deputado Distrital;20500;PSC;1;Não Eleito;1660387;2110;2022-11-14 18:47:07
DF;BRASÍLIA;ROGERIO SCHUMANN ROSSO;Deputado Federal;1155;PP;1;Não Eleito;1607519;14210;2022-11-14 18:47:07
DF;BRASÍLIA;ROGERIO SOLON DE PONTES TEIXEIRA PIRES;Deputado Distrital;51221;PATRIOTA;1;Não Eleito;1660387;945;2022-11-14 18:47:07
DF;BRASÍLIA;ROGÉRIO ALMEIDA DOS SANTOS PADILHA;Deputado Distrital;10010;REPUBLICANOS;1;Suplente;1660387;300;2022-11-14 18:47:07
DF;BRASÍLIA;ROGÉRIO EDUARDO PEREIRA;Deputado Distrital;45456;PSDB;1;Suplente;1660387;1266;2022-11-14 18:47:07
DF;BRASÍLIA;RONALDO FONSECA DE SOUZA;Deputado Federal;1122;PP;1;Não Eleito;1607519;13687;2022-11-14 18:47:07
DF;BRASÍLIA;RONEY TANIOS NEMER;Deputado Federal;1111;PP;1;Não Eleito;1607519;46151;2022-11-14 18:47:07
DF;BRASÍLIA;RONON PINHEIRO DA CRUZ;Deputado Distrital;27555;DC;1;Não Eleito;1660387;146;2022-11-14 18:47:07
DF;BRASÍLIA;RONY BARBOSA DA SILVA;Deputado Distrital;35777;PMB;1;Não Eleito;1660387;245;2022-11-14 18:47:07
DF;BRASÍLIA;ROOSEVELT VILELA PIRES;Deputado Distrital;22193;PL;1;Eleito;1660387;20223;2022-11-14 18:47:07
DF;BRASÍLIA;ROSA HELENA RÊGO MARTINS;Deputado Distrital;28100;PRTB;1;Não Eleito;1660387;174;2022-11-14 18:47:07
DF;BRASÍLIA;ROSELI FARIA;Deputado Federal;5010;PSOL;1;Não Eleito;1607519;4820;2022-11-14 18:47:07
DF;BRASÍLIA;ROSILENE CORRÊA LIMA;Senador;133;PT;1;Não Eleito;1576967;356198;2022-11-14 18:47:07
DF;BRASÍLIA;ROSILENE MARIA DE VIVEIROS CONCEIÇÃO;Deputado Distrital;23005;CIDADANIA;1;Suplente;1660387;61;2022-11-14 18:47:07
DF;BRASÍLIA;RUBENS CESAR BRUNELLI JUNIOR;Deputado Distrital;14444;PTB;1;Não Eleito;1660387;669;2022-11-14 18:47:07
DF;BRASÍLIA;RUBENS DE ARAUJO LIMA;Deputado Distrital;14189;PTB;1;Não Eleito;1660387;210;2022-11-14 18:47:07
DF;BRASÍLIA;SAMANTHA RIBEIRO MEYER PFLUG MARQUES;Deputado Federal;1110;PP;1;Não Eleito;1607519;6262;2022-11-14 18:47:07
DF;BRASÍLIA;SAMARA DOS SANTOS BRITO NEVES;Deputado Distrital;36001;AGIR;1;Suplente;1660387;2041;2022-11-14 18:47:07
DF;BRASÍLIA;SAMI MARTINS YASSINE;Deputado Distrital;77222;SOLIDARIEDADE;1;Não Eleito;1660387;84;2022-11-14 18:47:07
DF;BRASÍLIA;SAMIA WALESKA PEREIRA BARBOSA DE CARVALHO;Deputado Distrital;35677;PMB;1;Não Eleito;1660387;263;2022-11-14 18:47:07
DF;BRASÍLIA;SAMUEL GONÇALVES DO CARMO;Deputado Distrital;12666;PDT;1;Não Eleito;1660387;463;2022-11-14 18:47:07
DF;BRASÍLIA;SANDRA FARAJ CAVALCANTE;Deputado Distrital;44022;UNIÃO;1;Suplente;1660387;7353;2022-11-14 18:47:07
DF;BRASÍLIA;SANDRA HELENA TOMÉ GOMES;Deputado Distrital;12123;PDT;1;Não Eleito;1660387;505;2022-11-14 18:47:07
DF;BRASÍLIA;SANDRA MOREIRA PADILHA VITORIANO;Deputado Distrital;28123;PRTB;1;Não Eleito;1660387;895;2022-11-14 18:47:07
DF;BRASÍLIA;SANDRA WALKÍRIA CÉSAR PALMEIRA;Deputado Distrital;43333;PV;1;Suplente;1660387;911;2022-11-14 18:47:07
DF;BRASÍLIA;SAULO SALMEM CAD;Deputado Distrital;28111;PRTB;1;Não Eleito;1660387;780;2022-11-14 18:47:07
DF;BRASÍLIA;SEBASTIAO JOSE DE SANTANA;Deputado Federal;2717;DC;1;Não Eleito;1607519;339;2022-11-14 18:47:07
DF;BRASÍLIA;SELMA APARECIDA DA COSTA DOS SANTOS;Deputado Federal;3677;AGIR;1;Não Eleito;1607519;1085;2022-11-14 18:47:07
DF;BRASÍLIA;SERGIO COSTA DAMACENO;Deputado Distrital;33222;PMN;1;Suplente;1660387;4971;2022-11-14 18:47:07
DF;BRASÍLIA;SERGIO FERNANDO PEDROSO ABOUD;Deputado Federal;1033;REPUBLICANOS;1;Suplente;1607519;3492;2022-11-14 18:47:07
DF;BRASÍLIA;SERGIO LUIZ LEITE OLIVEIRA;Deputado Distrital;90090;PROS;1;Não Eleito;1660387;5;2022-11-14 18:47:07
DF;BRASÍLIA;SEVERINO CAJAZEIRAS DE SOUSA OLIVEIRA;Deputado Federal;9015;PROS;1;Não Eleito;1607519;2795;2022-11-14 18:47:07
DF;BRASÍLIA;SHEYLA SOARES SAMPAIO;Deputado Federal;5501;PSD;1;Não Eleito;1607519;996;2022-11-14 18:47:07
DF;BRASÍLIA;SIDNEY DA SILVA PATRÍCIO;Deputado Distrital;13190;PT;1;Não Eleito;1660387;1113;2022-11-14 18:47:07
DF;BRASÍLIA;SIDRAQUE PINHEIRO DA SILVA;Deputado Federal;5111;PATRIOTA;1;Não Eleito;1607519;574;2022-11-14 18:47:07
DF;BRASÍLIA;SILENE QUITERIA ALMEIDA DIAS;Deputado Distrital;70111;AVANTE;1;Suplente;1660387;4570;2022-11-14 18:47:07
DF;BRASÍLIA;SILMARA BEZERRA MIRANDA;Deputado Federal;1011;REPUBLICANOS;1;Suplente;1607519;2720;2022-11-14 18:47:07
DF;BRASÍLIA;SILVESTRE ARAÚJO;Deputado Distrital;77277;SOLIDARIEDADE;1;Não Eleito;1660387;213;2022-11-14 18:47:07
DF;BRASÍLIA;SILVESTRE RODRIGUES DA SILVA;Deputado Distrital;90000;PROS;1;Não Eleito;1660387;2494;2022-11-14 18:47:07
DF;BRASÍLIA;SILVÂNIA LEAL DIAS;Deputado Distrital;19156;PODE;1;Não Eleito;1660387;165;2022-11-14 18:47:07
DF;BRASÍLIA;SIMONE MARIA BARROS PIMENTEL;Deputado Distrital;14222;PTB;1;Não Eleito;1660387;382;2022-11-14 18:47:07
DF;BRASÍLIA;SIMONE NASSAR TEBET;Presidente;15;MDB;1;Não Eleito;1762575;105377;2022-11-14 18:47:07
DF;BRASÍLIA;SIMONE PEREIRA MAGALHÃES;Deputado Distrital;33156;PMN;1;Suplente;1660387;2554;2022-11-14 18:47:07
DF;BRASÍLIA;SOFIA PADUA MANZANO;Presidente;21;PCB;1;Não Eleito;1762575;894;2022-11-14 18:47:07
DF;BRASÍLIA;SOLANGE DE SOUZA HOLANDA CARVALHO;Deputado Distrital;27111;DC;1;Não Eleito;1660387;58;2022-11-14 18:47:07
DF;BRASÍLIA;SOLANGE RIBEIRO DA SILVA;Deputado Distrital;10193;REPUBLICANOS;1;Suplente;1660387;779;2022-11-14 18:47:07
DF;BRASÍLIA;SORAYA VIEIRA THRONICKE;Presidente;44;UNIÃO;1;Não Eleito;1762575;7935;2022-11-14 18:47:07
DF;BRASÍLIA;SUED SILVIO SOUZA;Deputado Distrital;70800;AVANTE;1;Suplente;1660387;1607;2022-11-14 18:47:07
DF;BRASÍLIA;SUSANA XAVIER;Deputado Distrital;50000;PSOL;1;Suplente;1660387;901;2022-11-14 18:47:07
DF;BRASÍLIA;SUZELE VELOSO DE OLIVEIRA;Deputado Distrital;40115;PSB;1;Suplente;1660387;10306;2022-11-14 18:47:07
DF;BRASÍLIA;SUZIENE PEREIRA BITENCOURT;Deputado Distrital;15180;MDB;1;Suplente;1660387;518;2022-11-14 18:47:07
DF;BRASÍLIA;SÉRGIO DE OLIVEIRA LOPES;Deputado Distrital;77770;SOLIDARIEDADE;1;Não Eleito;1660387;36;2022-11-14 18:47:07
DF;BRASÍLIA;SÉRGIO FERNANDES FERREIRA;Deputado Distrital;45100;PSDB;1;Suplente;1660387;1996;2022-11-14 18:47:07
DF;BRASÍLIA;SÉRGIO RONALDO SACE BAUTZER DOS SANTOS FILHO;Deputado Federal;4445;UNIÃO;1;Não Eleito;1607519;1472;2022-11-14 18:47:07
DF;BRASÍLIA;SÓLON BARBOSA FARIA;Deputado Distrital;30044;NOVO;1;Não Eleito;1660387;90;2022-11-14 18:47:07
DF;BRASÍLIA;TALITA VICTOR SILVA;Deputado Distrital;50044;PSOL;1;Suplente;1660387;4865;2022-11-14 18:47:07
DF;BRASÍLIA;TELMA RUFINO ALVES;Deputado Distrital;15777;MDB;1;Suplente;1660387;9093;2022-11-14 18:47:07
DF;BRASÍLIA;TEODORO ANTONIO DA CRUZ FILHO;Governador;21;PCB;1;Não Eleito;1655043;1155;2022-11-14 18:47:07
DF;BRASÍLIA;TEREZINHA DE JESUS ATHAN DA SILVA;Deputado Distrital;19266;PODE;1;Não Eleito;1660387;36;2022-11-14 18:47:07
DF;BRASÍLIA;THAYNARA MELO RODRIGUES;Deputado Distrital;40040;PSB;1;Suplente;1660387;6717;2022-11-14 18:47:07
DF;BRASÍLIA;THAYRANE DA SILVA APOSTOLO EVANGELISTA;Deputado Distrital;70200;AVANTE;1;Suplente;1660387;225;2022-11-14 18:47:07
DF;BRASÍLIA;THELMA REGINA VIEIRA DE MELLO;Deputado Distrital;13061;PT;1;Suplente;1660387;2229;2022-11-14 18:47:07
DF;BRASÍLIA;THIAGO DE ARAÚJO MACIEIRA MANZONI;Deputado Distrital;22322;PL;1;Eleito;1660387;25554;2022-11-14 18:47:07
DF;BRASÍLIA;THIAGO DE ÁVILA E SILVA OLIVEIRA;Deputado Federal;5099;PSOL;1;Não Eleito;1607519;5516;2022-11-14 18:47:07
DF;BRASÍLIA;TÁCIO ROGÉRIO ALLAN PONTES;Deputado Federal;3322;PMN;1;Não Eleito;1607519;926;2022-11-14 18:47:07
DF;BRASÍLIA;TÂNIA ALVES COÊLHO;Deputado Federal;1207;PDT;1;Não Eleito;1607519;419;2022-11-14 18:47:07
DF;BRASÍLIA;TÂNIA DE SOUSA LIMA;Deputado Federal;1616;PSTU;1;Não Eleito;1607519;209;2022-11-14 18:47:07
DF;BRASÍLIA;UBIRACI DA CUNHA NOGUEIRA FILHO;Deputado Distrital;70000;AVANTE;1;Suplente;1660387;2876;2022-11-14 18:47:07
DF;BRASÍLIA;URIEL SCHRAMM ROITMAN;Deputado Federal;2919;PCO;1;Não Eleito;1607519;50;2022-11-14 18:47:07
DF;BRASÍLIA;VALBERTO FERREIRA PINTO;Deputado Federal;1212;PDT;1;Não Eleito;1607519;863;2022-11-14 18:47:07
DF;BRASÍLIA;VALDELINO RODRIGUES BARCELOS;Deputado Distrital;11234;PP;1;Suplente;1660387;13040;2022-11-14 18:47:07
DF;BRASÍLIA;VALDINETE BARBOZA LISBOA RITTO ANTONIO;Deputado Distrital;27321;DC;1;Não Eleito;1660387;132;2022-11-14 18:47:07
DF;BRASÍLIA;VALDIRENE SOUTO ARAUJO;Deputado Distrital;30123;NOVO;1;Não Eleito;1660387;920;2022-11-14 18:47:07
DF;BRASÍLIA;VALDIVINA PEREIRA DA CONCEIÇÃO ALMEIDA;Deputado Federal;1973;PODE;1;Não Eleito;1607519;201;2022-11-14 18:47:07
DF;BRASÍLIA;VALTER SOARES SABOIA;Deputado Federal;3020;NOVO;1;Não Eleito;1607519;900;2022-11-14 18:47:07
DF;BRASÍLIA;VALÉRIA MARIA DE SANTANA;Deputado Distrital;70369;AVANTE;1;Suplente;1660387;160;2022-11-14 18:47:07
DF;BRASÍLIA;VANDA CLEA RODRIGUES DO LAGO;Deputado Distrital;35333;PMB;1;Não Eleito;1660387;183;2022-11-14 18:47:07
DF;BRASÍLIA;VANDEILDO LOPES DE GOIS;Deputado Federal;1211;PDT;1;Não Eleito;1607519;619;2022-11-14 18:47:07
DF;BRASÍLIA;VANDERLEI MACIEL LIMA;Deputado Federal;2000;PSC;1;Não Eleito;1607519;773;2022-11-14 18:47:07
DF;BRASÍLIA;VANDERLI DIAS LEITE;Deputado Distrital;10147;REPUBLICANOS;1;Suplente;1660387;482;2022-11-14 18:47:07
DF;BRASÍLIA;VANESSA CHAVES DE MENDONÇA;Deputado Distrital;15555;MDB;1;Suplente;1660387;2079;2022-11-14 18:47:07
DF;BRASÍLIA;VANESSA GUIMARÃES DE SALLES PEREIRA;Deputado Distrital;18088;REDE;1;Suplente;1660387;71;2022-11-14 18:47:07
DF;BRASÍLIA;VANESSA NEGRINI;Deputado Federal;1324;PT;1;Suplente;1607519;10816;2022-11-14 18:47:07
DF;BRASÍLIA;VANUSA LOPES FERREIRA HERMETO;Deputado Distrital;44111;UNIÃO;1;Suplente;1660387;544;2022-11-14 18:47:07
DF;BRASÍLIA;VERA LUCIA PEREIRA DA SILVA SALGADO;Presidente;16;PSTU;1;Não Eleito;1762575;454;2022-11-14 18:47:07
DF;BRASÍLIA;VERÔNICA THEML FIALHO GOULART;Deputado Distrital;65555;PC do B;1;Suplente;1660387;676;2022-11-14 18:47:07
DF;BRASÍLIA;VICTOR OKUBO AGUIAR;Deputado Federal;5151;PATRIOTA;1;Não Eleito;1607519;1332;2022-11-14 18:47:07
DF;BRASÍLIA;VINDA DANIEL AFONSO;Deputado Distrital;18777;REDE;1;Suplente;1660387;191;2022-11-14 18:47:07
DF;BRASÍLIA;VINÍCIUS SANTANA ROSSIGNOLI;Deputado Federal;2211;PL;1;Suplente;1607519;1029;2022-11-14 18:47:07
DF;BRASÍLIA;VIRGÍLIO DO REGO MONTEIRO NETO;Deputado Federal;5561;PSD;1;Não Eleito;1607519;9071;2022-11-14 18:47:07
DF;BRASÍLIA;VIVIAN NOGUEIRA DE OLIVEIRA;Deputado Distrital;90777;PROS;1;Não Eleito;1660387;952;2022-11-14 18:47:07
DF;BRASÍLIA;VIVIANE ALVES RODRIGUES FREITAS;Deputado Federal;7757;SOLIDARIEDADE;1;Não Eleito;1607519;331;2022-11-14 18:47:07
DF;BRASÍLIA;VÍTOR BITTENCOURT DE AQUINO FERNANDES;Deputado Distrital;30230;NOVO;1;Não Eleito;1660387;433;2022-11-14 18:47:07
DF;BRASÍLIA;WALDIR SOARES CORDEIRO;Deputado Distrital;43210;PV;1;Suplente;1660387;2684;2022-11-14 18:47:07
DF;BRASÍLIA;WALTER MARCELO DOS SANTOS;Deputado Distrital;70321;AVANTE;1;Suplente;1660387;425;2022-11-14 18:47:07
DF;BRASÍLIA;WANDERSON MAIA NASCIMENTO;Deputado Distrital;50013;PSOL;1;Suplente;1660387;564;2022-11-14 18:47:07
DF;BRASÍLIA;WASHINGTON GIL MESQUITA;Deputado Distrital;15678;MDB;1;Suplente;1660387;2804;2022-11-14 18:47:07
DF;BRASÍLIA;WASHINGTON LUIZ DA SILVA;Deputado Distrital;36333;AGIR;1;Suplente;1660387;1727;2022-11-14 18:47:07
DF;BRASÍLIA;WASHINGTON LUIZ PATROCINIO;Deputado Distrital;14193;PTB;1;Não Eleito;1660387;893;2022-11-14 18:47:07
DF;BRASÍLIA;WASHINGTON MAGNO DA SILVA BAPTISTA;Deputado Distrital;20789;PSC;1;Não Eleito;1660387;292;2022-11-14 18:47:07
DF;BRASÍLIA;WASHINGTON SOARES FERREIRA;Deputado Distrital;19020;PODE;1;Não Eleito;1660387;328;2022-11-14 18:47:07
DF;BRASÍLIA;WASNY NAKLE DE ROURE;Deputado Distrital;43123;PV;1;Suplente;1660387;11215;2022-11-14 18:47:07
DF;BRASÍLIA;WELBER FERREIRA MATOS;Deputado Distrital;35123;PMB;1;Não Eleito;1660387;216;2022-11-14 18:47:07
DF;BRASÍLIA;WELDO GONÇALVES DA SILVA AMORIM;Deputado Distrital;33012;PMN;1;Suplente;1660387;3937;2022-11-14 18:47:07
DF;BRASÍLIA;WELLINGTON LUIZ DE SOUZA SILVA;Deputado Distrital;15123;MDB;1;Eleito;1660387;16933;2022-11-14 18:47:07
DF;BRASÍLIA;WELLINGTON MOURA MONTEIRO ROLIM;Deputado Distrital;11220;PP;1;Suplente;1660387;290;2022-11-14 18:47:07
DF;BRASÍLIA;WESLEY ARAÚJO VIANA;Deputado Distrital;28190;PRTB;1;Não Eleito;1660387;261;2022-11-14 18:47:07
DF;BRASÍLIA;WESLEY WENISGTON VIEIRA DOS SANTOS;Deputado Distrital;22345;PL;1;Suplente;1660387;2340;2022-11-14 18:47:07
DF;BRASÍLIA;WILBERT GOLDEN BATISTA;Deputado Federal;5544;PSD;1;Não Eleito;1607519;23879;2022-11-14 18:47:07
DF;BRASÍLIA;WILKERSON FERREIRA DA SILVA;Deputado Distrital;35193;PMB;1;Não Eleito;1660387;80;2022-11-14 18:47:07
DF;BRASÍLIA;WILL GODOY RODRIGUES;Deputado Federal;1144;PP;1;Não Eleito;1607519;3068;2022-11-14 18:47:07
DF;BRASÍLIA;WILLIAM NOGUEIRA DOS SANTOS;Deputado Distrital;12022;PDT;1;Não Eleito;1660387;782;2022-11-14 18:47:07
DF;BRASÍLIA;WILMA MARIA SILVA DE MENEZES;Deputado Federal;7761;SOLIDARIEDADE;1;Não Eleito;1607519;633;2022-11-14 18:47:07
DF;BRASÍLIA;WILSON DO NASCIMENTO ARAÚJO;Deputado Distrital;70123;AVANTE;1;Suplente;1660387;8100;2022-11-14 18:47:07
DF;BRASÍLIA;YAGO DE OLIVEIRA RODRIGUES;Deputado Distrital;19220;PODE;1;Não Eleito;1660387;278;2022-11-14 18:47:07
DF;BRASÍLIA;YARA MARISTELA PRADO LOBO;Senador;456;PSDB;1;Não Eleito;1576967;9676;2022-11-14 18:47:07
DF;BRASÍLIA;ZAINE MIRANDA MOTA FERREIRA;Deputado Distrital;22077;PL;1;Suplente;1660387;353;2022-11-14 18:47:07
DF;BRASÍLIA;ZAINER DA MOTA;Deputado Distrital;35007;PMB;1;Não Eleito;1660387;63;2022-11-14 18:47:07
DF;BRASÍLIA;ZAQUEU DE OLIVEIRA BRAGA;Deputado Distrital;12300;PDT;1;Não Eleito;1660387;664;2022-11-14 18:47:07
DF;BRASÍLIA;ZULMIRA INÊS LOURENA GOMES DA COSTA;Deputado Distrital;12116;PDT;1;Não Eleito;1660387;171;2022-11-14 18:47:07
DF;BRASÍLIA;ÁKILLA MARIA DE MELO MARINHO;Deputado Distrital;33033;PMN;1;Suplente;1660387;1587;2022-11-14 18:47:07
DF;BRASÍLIA;ÁLVARO DE CASTRO;Deputado Distrital;10011;REPUBLICANOS;1;Suplente;1660387;444;2022-11-14 18:47:07
DF;BRASÍLIA;ÂNGELO BALBINO SOARES PEREIRA;Deputado Distrital;50160;PSOL;1;Suplente;1660387;57;2022-11-14 18:47:07
DF;BRASÍLIA;ÂNGELO LIMA LENZA;Deputado Distrital;19888;PODE;1;Não Eleito;1660387;107;2022-11-14 18:47:07
